cardId,title,char,rarity,type,runs,speed_median,speed_mean,speed_min,speed_max,speed_n,stamina_median,stamina_mean,stamina_min,stamina_max,stamina_n,power_median,power_mean,power_min,power_max,power_n,guts_median,guts_mean,guts_min,guts_max,guts_n,wit_median,wit_mean,wit_min,wit_max,wit_n,sp_median,sp_mean,sp_min,sp_max,sp_n,level_median,level_mean,level_min,level_max,level_n,races_median,races_mean,races_min,races_max,races_n,total,flagged,source_ref,lb_scope,scenario_scope,eligible,excluded_reason,empty_source_rows
30052,From the Ground Up,Light Hello,SSR,Pal,1003,35.0,35.0,13.0,68.0,1003,20.0,20.6,13.0,29.0,1003,20.0,20.6,13.0,44.0,1003,48.0,47.7,20.0,68.0,1003,20.0,20.6,13.0,29.0,1003,371.0,358.5,29.0,544.0,1003,45.0,43.0,10.0,50.0,1003,28.0,27.4,9.0,46.0,995,143.0,False,fujikiseki-insights-2026-09-04.html:line 2787,all,mixed or unspecified,False,"aggregate mixes limit breaks, levels, race counts and unspecified scenario conditions","[""0"", ""1"", ""2"", ""3"", ""4"", ""detail""]"
30074,Dazzling Day in the Snow,Marvelous Sunday,SSR,Power,704,20.0,19.6,8.0,27.0,704,87.0,86.5,37.0,121.0,704,97.0,96.2,41.0,135.0,704,20.0,19.6,8.0,27.0,704,20.0,19.6,8.0,27.0,704,141.0,137.1,46.0,205.0,704,50.0,49.7,20.0,50.0,704,28.0,27.9,11.0,45.0,699,244.0,False,fujikiseki-insights-2026-09-04.html:line 2991,all,mixed or unspecified,False,"aggregate mixes limit breaks, levels, race counts and unspecified scenario conditions","[""0"", ""2"", ""3"", ""4"", ""detail""]"
30078,Touching Sleeves Is Good Luck! ♪,Matikanefukukitaru,SSR,Speed,511,107.0,105.5,47.0,145.0,511,53.0,52.8,24.0,72.0,511,76.0,74.9,34.0,103.0,511,53.0,52.8,24.0,72.0,511,53.0,52.7,3.0,72.0,511,191.0,187.4,80.0,278.0,511,50.0,49.6,1.0,50.0,511,28.0,27.6,11.0,43.0,508,342.0,False,fujikiseki-insights-2026-09-04.html:line 3173,all,mixed or unspecified,False,"aggregate mixes limit breaks, levels, race counts and unspecified scenario conditions","[""0"", ""1"", ""2"", ""3"", ""4"", ""detail""]"
30101,Q≠0,Agnes Tachyon,SSR,Speed,415,114.0,113.8,71.0,159.0,415,20.0,20.3,12.0,28.0,415,43.0,43.1,27.0,60.0,415,20.0,20.3,12.0,28.0,415,20.0,20.3,12.0,28.0,415,294.0,284.9,130.0,421.0,415,50.0,49.2,20.0,50.0,415,28.0,27.6,11.0,37.0,411,217.0,False,fujikiseki-insights-2026-09-04.html:line 3377,all,mixed or unspecified,False,"aggregate mixes limit breaks, levels, race counts and unspecified scenario conditions","[""0"", ""1"", ""2"", ""3"", ""4"", ""detail""]"
30067,Esteemed and Adored,The Throne's Assemblage,SSR,Group,374,62.0,61.6,26.0,87.0,374,38.0,37.2,16.0,52.0,374,38.0,37.2,16.0,52.0,374,38.0,37.2,16.0,52.0,374,38.0,37.2,16.0,52.0,374,400.0,384.6,129.0,580.0,374,50.0,49.1,20.0,50.0,374,28.0,28.0,11.0,46.0,371,214.0,False,fujikiseki-insights-2026-09-04.html:line 3581,all,mixed or unspecified,False,"aggregate mixes limit breaks, levels, race counts and unspecified scenario conditions","[""0"", ""1"", ""2"", ""4"", ""detail""]"
20027,Lifting Your Spirits,Nishino Flower,SR,Power,355,23.0,22.0,9.0,28.0,354,44.0,42.4,18.0,57.0,354,96.0,92.1,40.0,127.0,353,23.0,22.0,9.0,28.0,354,23.0,22.0,9.0,28.0,354,152.0,144.5,49.0,181.0,354,45.0,44.8,1.0,45.0,355,28.0,28.4,12.0,45.0,352,209.0,False,fujikiseki-insights-2026-09-04.html:line 3763,all,mixed or unspecified,False,"aggregate mixes limit breaks, levels, race counts and unspecified scenario conditions","[""0"", ""3"", ""4"", ""detail""]"
20023,Lamplit Training of a Witch-to-Be,Sweep Tosho,SR,Speed,263,85.0,84.5,18.0,116.0,263,24.0,23.7,15.0,32.0,263,52.0,51.7,18.0,81.0,263,24.0,23.7,15.0,32.0,263,24.0,23.7,15.0,32.0,263,265.0,258.8,137.0,375.0,263,45.0,44.9,40.0,45.0,263,28.0,26.9,11.0,36.0,257,209.0,False,fujikiseki-insights-2026-09-04.html:line 3923,all,mixed or unspecified,False,"aggregate mixes limit breaks, levels, race counts and unspecified scenario conditions","[""3"", ""4"", ""detail""]"
30036,Planned Perfection,Riko Kashimoto,SSR,Pal,256,20.0,20.4,13.0,31.0,256,33.0,33.4,17.0,68.0,256,20.0,20.4,13.0,35.0,256,20.0,20.4,13.0,30.0,256,20.0,20.3,13.0,28.0,256,277.0,267.2,124.0,438.0,256,45.0,43.7,30.0,50.0,256,28.0,27.3,11.0,43.0,255,113.0,False,fujikiseki-insights-2026-09-04.html:line 4061,all,mixed or unspecified,False,"aggregate mixes limit breaks, levels, race counts and unspecified scenario conditions","[""0"", ""1"", ""2"", ""3"", ""4"", ""detail""]"
30016,Piece of Mind,Super Creek,SSR,Stamina,180,23.0,21.8,9.0,31.0,180,130.0,122.4,54.0,160.0,180,23.0,21.8,9.0,31.0,180,57.0,54.3,24.0,70.0,180,23.0,21.8,9.0,31.0,180,192.5,178.8,64.0,241.0,180,50.0,48.4,30.0,50.0,180,28.0,27.9,9.0,45.0,180,256.0,False,fujikiseki-insights-2026-09-04.html:line 4265,all,mixed or unspecified,False,"aggregate mixes limit breaks, levels, race counts and unspecified scenario conditions","[""0"", ""1"", ""2"", ""3"", ""4"", ""detail""]"
30107,Sentimental Flare ♪,Maruzensky,SSR,Speed,179,94.0,89.4,57.0,119.0,179,25.0,24.0,15.0,32.0,179,62.0,58.8,39.0,79.0,179,25.0,24.0,15.0,32.0,179,25.0,24.0,15.0,32.0,179,190.0,174.6,95.0,251.0,179,45.0,45.0,35.0,50.0,179,28.0,27.1,12.0,38.0,179,231.0,False,fujikiseki-insights-2026-09-04.html:line 4469,all,mixed or unspecified,False,"aggregate mixes limit breaks, levels, race counts and unspecified scenario conditions","[""1"", ""2"", ""3"", ""4"", ""detail""]"
20031,///WARNING GATE///,Shinko Windy,SR,Speed,169,116.0,113.0,48.0,155.0,169,23.0,22.4,9.0,30.0,169,50.0,48.3,20.0,66.0,169,23.0,22.4,9.0,30.0,169,23.0,22.4,9.0,30.0,169,176.0,168.5,56.0,238.0,169,45.0,44.9,35.0,45.0,169,27.0,27.7,12.0,45.0,169,235.0,False,fujikiseki-insights-2026-09-04.html:line 4651,all,mixed or unspecified,False,"aggregate mixes limit breaks, levels, race counts and unspecified scenario conditions","[""2"", ""3"", ""4"", ""detail""]"
30062,Winning Dream,Silence Suzuka,SSR,Stamina,136,23.0,23.0,15.0,31.0,136,136.0,134.6,87.0,184.0,136,23.0,23.0,15.0,31.0,136,48.0,48.1,31.0,65.0,136,23.0,23.0,15.0,31.0,136,165.0,161.9,97.0,229.0,136,50.0,49.3,20.0,50.0,136,28.0,26.2,11.0,43.0,136,253.0,False,fujikiseki-insights-2026-09-04.html:line 4811,all,mixed or unspecified,False,"aggregate mixes limit breaks, levels, race counts and unspecified scenario conditions","[""0"", ""2"", ""3"", ""4"", ""detail""]"
30010,Wave of Gratitude,Fine Motion,SSR,Wit,123,40.0,39.1,19.0,56.0,123,24.0,23.4,11.0,33.0,123,24.0,23.4,11.0,33.0,123,24.0,23.4,11.0,33.0,123,136.0,132.1,63.0,190.0,123,221.0,208.3,95.0,325.0,123,50.0,49.5,45.0,50.0,123,29.0,28.8,12.0,46.0,122,248.0,False,fujikiseki-insights-2026-09-04.html:line 4993,all,mixed or unspecified,False,"aggregate mixes limit breaks, levels, race counts and unspecified scenario conditions","[""3"", ""4"", ""detail""]"
20024,Let's Get This Party Lit!,Daitaku Helios,SR,Power,97,22.0,22.2,15.0,25.0,97,43.0,43.2,29.0,48.0,97,94.0,94.2,63.0,105.0,97,22.0,22.2,15.0,25.0,97,22.0,22.2,15.0,25.0,97,152.0,149.6,82.0,168.0,97,45.0,44.8,30.0,45.0,97,28.0,28.1,23.0,36.0,97,203.0,False,fujikiseki-insights-2026-09-04.html:line 5131,all,mixed or unspecified,False,"aggregate mixes limit breaks, levels, race counts and unspecified scenario conditions","[""1"", ""4"", ""detail""]"
30009,"Split the Sky, White Lightning!",Tamamo Cross,SSR,Stamina,97,25.0,24.5,16.0,33.0,97,140.0,136.9,91.0,187.0,97,25.0,24.5,16.0,33.0,97,53.0,52.6,34.0,71.0,97,25.0,24.5,16.0,33.0,97,192.0,191.1,101.0,266.0,97,50.0,49.6,40.0,50.0,97,28.0,27.4,12.0,32.0,97,268.0,False,fujikiseki-insights-2026-09-04.html:line 5269,all,mixed or unspecified,False,"aggregate mixes limit breaks, levels, race counts and unspecified scenario conditions","[""3"", ""4"", ""detail""]"
20005,Digital's Recharge Station,Agnes Digital,SR,Power,85,24.0,24.1,16.0,29.0,85,55.0,56.0,37.0,67.0,85,123.0,124.8,82.0,149.0,85,24.0,24.1,16.0,29.0,85,24.0,24.1,16.0,29.0,85,270.0,268.1,172.0,330.0,85,45.0,45.0,45.0,45.0,85,28.0,26.3,17.0,30.0,85,250.0,False,fujikiseki-insights-2026-09-04.html:line 5407,all,mixed or unspecified,False,"aggregate mixes limit breaks, levels, race counts and unspecified scenario conditions","[""4"", ""detail""]"
30108,Trusting the Dice,Nakayama Festa,SSR,Wit,84,38.0,38.3,28.0,54.0,84,25.0,25.0,20.0,35.0,84,25.0,25.0,20.0,35.0,84,25.0,25.0,20.0,35.0,84,95.0,95.1,62.0,135.0,84,279.5,278.9,157.0,417.0,84,50.0,49.6,40.0,50.0,84,29.0,28.5,11.0,33.0,84,208.0,False,fujikiseki-insights-2026-09-04.html:line 5523,all,mixed or unspecified,False,"aggregate mixes limit breaks, levels, race counts and unspecified scenario conditions","[""2"", ""3"", ""4"", ""detail""]"
30028,Fire at My Heels,Kitasan Black,SSR,Speed,74,82.0,81.5,52.0,120.0,74,24.0,24.4,15.0,34.0,74,61.0,60.6,39.0,88.0,74,24.0,24.4,15.0,34.0,74,24.0,24.4,15.0,34.0,74,185.5,181.9,101.0,286.0,74,50.0,49.9,45.0,50.0,74,28.0,26.0,9.0,37.0,74,215.0,False,fujikiseki-insights-2026-09-04.html:line 5683,all,mixed or unspecified,False,"aggregate mixes limit breaks, levels, race counts and unspecified scenario conditions","[""3"", ""4"", ""detail""]"
30007,Champion's Passion,El Condor Pasa,SSR,Power,71,23.0,22.4,10.0,29.0,71,56.0,53.2,24.0,71.0,71,114.0,108.4,50.0,144.0,71,23.0,22.4,10.0,29.0,71,23.0,22.4,10.0,29.0,71,190.0,176.8,64.0,248.0,71,50.0,49.6,40.0,50.0,71,28.0,28.6,17.0,44.0,70,239.0,False,fujikiseki-insights-2026-09-04.html:line 5821,all,mixed or unspecified,False,"aggregate mixes limit breaks, levels, race counts and unspecified scenario conditions","[""2"", ""4"", ""detail""]"
20003,Reach the Top!,Hishi Amazon,SR,Power,70,22.0,22.0,20.0,25.0,70,66.0,66.1,60.0,89.0,70,103.0,103.1,94.0,116.0,70,22.0,22.0,20.0,25.0,70,22.0,22.0,20.0,25.0,70,183.0,183.5,145.0,211.0,70,45.0,45.0,45.0,45.0,70,28.0,27.6,21.0,31.0,70,235.0,False,fujikiseki-insights-2026-09-04.html:line 5959,all,mixed or unspecified,False,"aggregate mixes limit breaks, levels, race counts and unspecified scenario conditions","[""4"", ""detail""]"
30017,My Umadol Way! ☆,Smart Falcon,SSR,Power,68,21.0,21.7,19.0,29.0,68,51.0,49.5,30.0,63.0,68,90.0,87.3,61.0,113.0,68,21.0,21.7,19.0,29.0,68,21.0,21.7,19.0,29.0,68,139.0,131.1,77.0,187.0,68,42.5,42.1,30.0,50.0,68,28.0,27.4,12.0,32.0,68,204.0,False,fujikiseki-insights-2026-09-04.html:line 6075,all,mixed or unspecified,False,"aggregate mixes limit breaks, levels, race counts and unspecified scenario conditions","[""0"", ""1"", ""2"", ""4"", ""detail""]"
30032,Fiery Discipline,Yaeno Muteki,SSR,Power,64,23.0,22.7,16.0,30.0,64,49.5,46.9,34.0,58.0,64,82.0,75.8,50.0,92.0,64,23.0,22.7,16.0,30.0,64,23.0,22.7,16.0,30.0,64,150.0,142.6,95.0,187.0,64,50.0,45.8,30.0,50.0,64,28.0,27.5,16.0,31.0,64,200.0,False,fujikiseki-insights-2026-09-04.html:line 6257,all,mixed or unspecified,False,"aggregate mixes limit breaks, levels, race counts and unspecified scenario conditions","[""0"", ""1"", ""2"", ""3"", ""4"", ""detail""]"
30084,My Way,Tosen Jordan,SSR,Speed,64,110.0,108.3,81.0,145.0,64,22.0,22.3,19.0,29.0,64,70.0,69.2,54.0,92.0,64,22.0,22.3,19.0,29.0,64,22.0,22.3,19.0,29.0,64,148.0,147.0,100.0,197.0,64,50.0,50.0,50.0,50.0,64,27.0,26.6,12.0,34.0,62,246.0,False,fujikiseki-insights-2026-09-04.html:line 6461,all,mixed or unspecified,False,"aggregate mixes limit breaks, levels, race counts and unspecified scenario conditions","[""4"", ""detail""]"
30024,Get Lots of Hugs for Me,Oguri Cap,SSR,Power,56,24.0,23.2,15.0,26.0,56,51.0,49.5,32.0,56.0,56,117.0,113.1,74.0,127.0,56,24.0,23.2,15.0,26.0,56,24.0,23.2,15.0,26.0,56,176.0,170.9,91.0,195.0,56,50.0,49.6,40.0,50.0,56,29.0,29.6,26.0,33.0,56,240.0,False,fujikiseki-insights-2026-09-04.html:line 6577,all,mixed or unspecified,False,"aggregate mixes limit breaks, levels, race counts and unspecified scenario conditions","[""2"", ""4"", ""detail""]"
30095,Cheer that Changed the World,Seeking the Pearl,SSR,Speed,55,91.0,89.5,73.0,126.0,55,22.0,21.9,18.0,31.0,55,77.0,76.0,62.0,107.0,55,22.0,21.9,18.0,31.0,55,22.0,21.9,18.0,31.0,55,253.0,248.6,202.0,351.0,55,50.0,50.0,50.0,50.0,55,28.0,29.2,11.0,37.0,55,234.0,False,fujikiseki-insights-2026-09-04.html:line 6715,all,mixed or unspecified,False,"aggregate mixes limit breaks, levels, race counts and unspecified scenario conditions","[""4"", ""detail""]"
20007,Cute + Cute = ?,Mayano Top Gun,SR,Stamina,47,23.0,23.1,14.0,32.0,47,108.0,107.5,68.0,154.0,47,23.0,23.1,14.0,32.0,47,56.0,55.8,30.0,80.0,47,23.0,23.1,14.0,32.0,47,232.0,221.9,117.0,328.0,47,45.0,45.0,45.0,45.0,47,28.0,24.9,9.0,32.0,47,233.0,False,fujikiseki-insights-2026-09-04.html:line 6831,all,mixed or unspecified,False,"aggregate mixes limit breaks, levels, race counts and unspecified scenario conditions","[""4"", ""detail""]"
30096,Go Go☆Princess!,Kawakami Princess,SSR,Power,42,20.0,20.2,15.0,26.0,42,42.0,42.9,32.0,58.0,42,101.0,108.3,88.0,156.0,42,20.0,20.2,15.0,26.0,42,20.0,20.2,15.0,26.0,42,143.0,144.2,81.0,193.0,42,45.0,47.0,45.0,50.0,42,28.0,26.9,13.0,36.0,42,203.0,False,fujikiseki-insights-2026-09-04.html:line 6947,all,mixed or unspecified,False,"aggregate mixes limit breaks, levels, race counts and unspecified scenario conditions","[""3"", ""4"", ""detail""]"
30054,Daring to Dream,Nice Nature,SSR,Wit,36,36.0,34.0,22.0,47.0,36,23.0,22.1,14.0,30.0,36,23.0,22.1,14.0,30.0,36,23.0,22.1,14.0,30.0,36,98.0,91.8,56.0,130.0,36,190.0,177.1,90.0,252.0,36,50.0,49.0,30.0,50.0,36,28.0,28.1,12.0,38.0,35,203.0,False,fujikiseki-insights-2026-09-04.html:line 7085,all,mixed or unspecified,False,"aggregate mixes limit breaks, levels, race counts and unspecified scenario conditions","[""3"", ""4"", ""detail""]"
20037,"Grma, Ramen ♪",Fine Motion,SR,Power,36,22.0,22.7,19.0,31.0,36,45.0,47.2,36.0,65.0,36,76.0,79.7,58.0,109.0,36,22.0,22.7,19.0,31.0,36,22.0,22.7,19.0,31.0,36,217.5,222.0,134.0,303.0,36,45.0,44.4,30.0,45.0,36,29.0,25.9,9.0,32.0,36,187.0,False,fujikiseki-insights-2026-09-04.html:line 7223,all,mixed or unspecified,False,"aggregate mixes limit breaks, levels, race counts and unspecified scenario conditions","[""1"", ""3"", ""4"", ""detail""]"
30079,Leaping into the Unknown,Meisho Doto,SSR,Stamina,36,22.0,22.2,15.0,29.0,36,110.0,110.6,76.0,150.0,36,22.0,22.2,15.0,29.0,36,80.0,80.5,57.0,109.0,36,22.0,22.2,15.0,29.0,36,149.5,142.2,88.0,208.0,36,50.0,50.0,50.0,50.0,36,24.0,23.5,12.0,33.0,36,256.0,False,fujikiseki-insights-2026-09-04.html:line 7383,all,mixed or unspecified,False,"aggregate mixes limit breaks, levels, race counts and unspecified scenario conditions","[""4"", ""detail""]"
30039,Princess Bride,Kawakami Princess,SSR,Speed,36,123.0,120.1,80.0,131.0,36,22.0,21.4,14.0,23.0,36,53.0,52.0,35.0,56.0,36,22.0,21.4,14.0,23.0,36,22.0,21.4,14.0,23.0,36,159.5,154.5,99.0,172.0,36,50.0,49.6,35.0,50.0,36,29.0,28.8,26.0,34.0,36,242.0,False,fujikiseki-insights-2026-09-04.html:line 7499,all,mixed or unspecified,False,"aggregate mixes limit breaks, levels, race counts and unspecified scenario conditions","[""1"", ""4"", ""detail""]"
30097,Dear Mr. C.B.,Mr. C.B.,SSR,Wit,34,44.0,42.4,26.0,54.0,34,21.0,20.9,13.0,26.0,34,21.0,20.9,13.0,26.0,34,21.0,20.9,13.0,26.0,34,86.0,83.6,51.0,114.0,34,226.0,210.6,105.0,295.0,34,40.0,40.9,35.0,50.0,34,27.0,26.6,12.0,34.0,34,193.0,False,fujikiseki-insights-2026-09-04.html:line 7637,all,mixed or unspecified,False,"aggregate mixes limit breaks, levels, race counts and unspecified scenario conditions","[""1"", ""2"", ""3"", ""4"", ""detail""]"
30019,Urara's Day Off!,Haru Urara,SSR,Guts,32,53.0,52.5,42.0,69.0,32,24.0,24.1,19.0,31.0,32,49.0,48.6,39.0,64.0,32,116.0,115.3,86.0,155.0,32,24.0,24.1,19.0,31.0,32,239.5,228.5,154.0,297.0,32,50.0,49.5,40.0,50.0,32,27.0,25.5,13.0,31.0,32,266.0,False,fujikiseki-insights-2026-09-04.html:line 7819,all,mixed or unspecified,False,"aggregate mixes limit breaks, levels, race counts and unspecified scenario conditions","[""2"", ""3"", ""4"", ""detail""]"
30056,"Tonight, We Waltz",King Halo,SSR,Power,31,22.0,21.1,14.0,28.0,31,52.0,51.3,36.0,70.0,31,94.0,102.3,50.0,158.0,31,22.0,21.1,14.0,28.0,31,22.0,21.1,14.0,28.0,31,165.0,158.0,93.0,224.0,31,50.0,43.4,30.0,50.0,31,28.0,27.6,16.0,30.0,31,212.0,False,fujikiseki-insights-2026-09-04.html:line 7979,all,mixed or unspecified,False,"aggregate mixes limit breaks, levels, race counts and unspecified scenario conditions","[""0"", ""1"", ""3"", ""4"", ""detail""]"
30033,Dreams Do Come True!,Winning Ticket,SSR,Power,30,22.0,22.5,22.0,26.0,30,50.0,50.7,49.0,58.0,30,89.0,90.3,87.0,103.0,30,22.0,22.5,22.0,26.0,30,22.0,22.5,22.0,26.0,30,191.5,193.7,180.0,229.0,30,50.0,50.0,50.0,50.0,30,28.0,27.7,22.0,29.0,30,205.0,False,fujikiseki-insights-2026-09-04.html:line 8161,all,mixed or unspecified,False,"aggregate mixes limit breaks, levels, race counts and unspecified scenario conditions","[""4"", ""detail""]"
20009,Pal-Assisted Training,Mihono Bourbon,SR,Power,30,22.5,23.2,9.0,31.0,30,57.0,58.4,23.0,77.0,30,118.5,121.6,47.0,161.0,30,22.5,23.2,9.0,31.0,30,22.5,23.2,9.0,31.0,30,193.5,192.6,59.0,254.0,30,45.0,45.0,45.0,45.0,30,26.5,24.6,9.0,45.0,30,241.0,False,fujikiseki-insights-2026-09-04.html:line 8277,all,mixed or unspecified,False,"aggregate mixes limit breaks, levels, race counts and unspecified scenario conditions","[""4"", ""detail""]"
30076,Searching for Unseen Sights,Silence Suzuka,SSR,Speed,30,76.0,76.0,65.0,84.0,30,23.0,22.5,19.0,24.0,30,42.0,42.2,36.0,46.0,30,23.0,22.5,19.0,24.0,30,23.0,22.5,19.0,24.0,30,140.5,141.0,122.0,162.0,30,40.0,44.7,40.0,50.0,30,23.5,25.5,21.0,36.0,30,187.0,False,fujikiseki-insights-2026-09-04.html:line 8393,all,mixed or unspecified,False,"aggregate mixes limit breaks, levels, race counts and unspecified scenario conditions","[""2"", ""3"", ""4"", ""detail""]"
30121,U & Me,Mihono Bourbon,SSR,Speed,30,102.5,99.9,65.0,142.0,30,22.0,22.5,14.0,30.0,30,39.0,38.8,25.0,52.0,30,22.0,22.5,14.0,30.0,30,22.0,22.5,14.0,30.0,30,223.0,206.2,114.0,307.0,30,50.0,48.0,45.0,50.0,30,24.0,23.8,11.0,30.0,30,207.0,False,fujikiseki-insights-2026-09-04.html:line 8553,all,mixed or unspecified,False,"aggregate mixes limit breaks, levels, race counts and unspecified scenario conditions","[""3"", ""4"", ""detail""]"
30104,"""Rhodonite and the Dreamstone""",Zenno Rob Roy,SSR,Stamina,29,22.0,22.6,13.0,26.0,29,113.0,113.4,69.0,130.0,29,22.0,22.6,13.0,26.0,29,79.0,79.5,48.0,91.0,29,22.0,22.6,13.0,26.0,29,162.0,160.2,80.0,190.0,29,50.0,50.0,50.0,50.0,29,27.0,25.5,18.0,32.0,29,258.0,False,fujikiseki-insights-2026-09-04.html:line 8691,all,mixed or unspecified,False,"aggregate mixes limit breaks, levels, race counts and unspecified scenario conditions","[""4"", ""detail""]"
30008,Foolproof Plan,Seiun Sky,SSR,Stamina,28,20.5,20.8,19.0,25.0,28,64.0,64.2,47.0,97.0,28,20.5,20.8,19.0,25.0,28,43.5,42.2,34.0,58.0,28,20.5,20.8,19.0,25.0,28,120.5,119.1,87.0,191.0,28,30.0,35.2,30.0,50.0,28,29.0,27.4,17.0,30.0,28,167.0,False,fujikiseki-insights-2026-09-04.html:line 8807,all,mixed or unspecified,False,"aggregate mixes limit breaks, levels, race counts and unspecified scenario conditions","[""0"", ""1"", ""2"", ""3"", ""4"", ""detail""]"
30113,Uchronia Architect,Biwa Hayahide,SSR,Stamina,28,22.0,22.6,18.0,28.0,28,102.0,101.1,31.0,126.0,28,22.0,22.6,18.0,28.0,28,42.0,42.4,26.0,52.0,28,22.0,22.6,18.0,28.0,28,211.0,204.8,68.0,262.0,28,50.0,49.1,30.0,50.0,28,26.0,24.6,16.0,32.0,28,210.0,False,fujikiseki-insights-2026-09-04.html:line 9011,all,mixed or unspecified,False,"aggregate mixes limit breaks, levels, race counts and unspecified scenario conditions","[""3"", ""4"", ""detail""]"
30093,Number 1 Outfit,Daiwa Scarlet,SSR,Power,27,19.0,17.5,8.0,23.0,27,37.0,40.1,23.0,63.0,27,72.0,81.7,49.0,133.0,27,19.0,17.5,8.0,23.0,27,19.0,17.5,8.0,23.0,27,125.0,119.7,51.0,183.0,27,50.0,41.1,30.0,50.0,27,29.0,30.9,21.0,44.0,27,166.0,False,fujikiseki-insights-2026-09-04.html:line 9149,all,mixed or unspecified,False,"aggregate mixes limit breaks, levels, race counts and unspecified scenario conditions","[""0"", ""1"", ""4"", ""detail""]"
30083,Super! Sonic! Flower Power!,Sakura Bakushin O,SSR,Guts,27,36.0,35.8,27.0,45.0,27,20.0,20.0,19.0,23.0,27,33.0,33.4,27.0,41.0,27,55.0,54.3,30.0,114.0,27,20.0,20.0,19.0,23.0,27,129.0,123.3,77.0,162.0,27,30.0,30.7,30.0,50.0,27,29.0,28.7,21.0,31.0,27,164.0,False,fujikiseki-insights-2026-09-04.html:line 9309,all,mixed or unspecified,False,"aggregate mixes limit breaks, levels, race counts and unspecified scenario conditions","[""0"", ""1"", ""3"", ""4"", ""detail""]"
20041,Aim for the Brightest,Admire Vega,SR,Guts,25,42.0,43.2,24.0,63.0,25,17.0,17.7,10.0,25.0,25,40.0,41.0,23.0,60.0,25,69.0,69.7,39.0,102.0,25,17.0,17.7,10.0,25.0,25,104.0,116.3,63.0,182.0,25,45.0,45.0,45.0,45.0,25,30.0,32.7,19.0,43.0,25,185.0,False,fujikiseki-insights-2026-09-04.html:line 9491,all,mixed or unspecified,False,"aggregate mixes limit breaks, levels, race counts and unspecified scenario conditions","[""4"", ""detail""]"
30106,Tailwind to My Goals,Air Groove,SSR,Power,24,24.0,23.8,16.0,30.0,24,84.0,79.0,55.0,105.0,24,104.0,99.7,69.0,132.0,24,24.0,23.8,16.0,30.0,24,24.0,23.8,16.0,30.0,24,210.0,206.2,123.0,291.0,24,50.0,47.5,30.0,50.0,24,24.0,23.6,12.0,30.0,24,260.0,False,fujikiseki-insights-2026-09-04.html:line 9607,all,mixed or unspecified,False,"aggregate mixes limit breaks, levels, race counts and unspecified scenario conditions","[""0"", ""4"", ""detail""]"
20008,My Solo Drawn to Raindrop Drums,Manhattan Cafe,SR,Stamina,23,22.0,19.3,10.0,25.0,23,80.0,78.2,41.0,105.0,23,22.0,19.3,10.0,25.0,23,42.0,37.8,20.0,50.0,23,22.0,19.3,10.0,25.0,23,110.0,121.6,52.0,182.0,23,45.0,45.0,45.0,45.0,23,29.0,31.7,17.0,46.0,23,188.0,False,fujikiseki-insights-2026-09-04.html:line 9745,all,mixed or unspecified,False,"aggregate mixes limit breaks, levels, race counts and unspecified scenario conditions","[""4"", ""detail""]"
20043,At the End of the Day,Special Week,SR,Power,22,23.0,23.4,21.0,26.0,22,79.0,80.9,72.0,90.0,22,85.0,87.0,78.0,97.0,22,23.0,23.4,21.0,26.0,22,23.0,23.4,21.0,26.0,22,140.0,140.0,111.0,164.0,22,45.0,45.0,45.0,45.0,22,27.5,26.5,20.0,31.0,22,233.0,False,fujikiseki-insights-2026-09-04.html:line 9861,all,mixed or unspecified,False,"aggregate mixes limit breaks, levels, race counts and unspecified scenario conditions","[""4"", ""detail""]"
20021,Trainers' Teamwork,Aoi Kiryuin,SR,Pal,21,21.0,20.3,14.0,28.0,21,21.0,20.3,14.0,28.0,21,21.0,20.3,14.0,28.0,21,21.0,20.3,14.0,28.0,21,39.0,38.1,27.0,55.0,21,326.0,309.8,219.0,489.0,21,45.0,45.0,45.0,45.0,21,27.0,26.3,11.0,29.0,21,123.0,False,fujikiseki-insights-2026-09-04.html:line 9977,all,mixed or unspecified,False,"aggregate mixes limit breaks, levels, race counts and unspecified scenario conditions","[""4"", ""detail""]"
20015,A Marvelous ☆ Plan,Marvelous Sunday,SR,Wit,20,30.0,30.0,21.0,42.0,20,23.0,21.9,15.0,30.0,20,23.0,21.9,15.0,30.0,20,23.0,21.9,15.0,30.0,20,106.5,107.4,70.0,158.0,20,138.5,152.2,86.0,243.0,20,45.0,44.8,40.0,45.0,20,27.0,24.4,12.0,37.0,19,205.0,False,fujikiseki-insights-2026-09-04.html:line 10093,all,mixed or unspecified,False,"aggregate mixes limit breaks, levels, race counts and unspecified scenario conditions","[""4"", ""detail""]"
30020,Double Carrot Punch!,Biko Pegasus,SSR,Speed,19,121.0,120.1,89.0,137.0,19,23.0,23.2,16.0,25.0,19,49.0,48.1,35.0,53.0,19,23.0,23.2,16.0,25.0,19,23.0,23.2,16.0,25.0,19,171.0,173.7,106.0,211.0,19,45.0,47.1,45.0,50.0,19,28.0,27.5,23.0,31.0,19,239.0,False,fujikiseki-insights-2026-09-04.html:line 10209,all,mixed or unspecified,False,"aggregate mixes limit breaks, levels, race counts and unspecified scenario conditions","[""3"", ""4"", ""detail""]"
30005,Wild Rider,Vodka,SSR,Power,19,22.0,22.1,19.0,26.0,19,56.0,51.8,37.0,63.0,19,97.0,86.4,52.0,110.0,19,22.0,22.1,19.0,26.0,19,22.0,22.1,19.0,26.0,19,185.0,164.5,92.0,217.0,19,40.0,38.9,30.0,50.0,19,28.0,27.1,20.0,29.0,19,219.0,False,fujikiseki-insights-2026-09-04.html:line 10347,all,mixed or unspecified,False,"aggregate mixes limit breaks, levels, race counts and unspecified scenario conditions","[""0"", ""1"", ""2"", ""4"", ""detail""]"
30109,A Good Heart Blossoms to Its Fullest,Sakura Chiyono O,SSR,Guts,18,71.0,70.9,47.0,94.0,18,22.0,21.7,14.0,27.0,18,57.0,56.6,38.0,75.0,18,96.0,95.6,64.0,128.0,18,22.0,21.7,14.0,27.0,18,156.0,143.6,82.0,193.0,18,50.0,50.0,50.0,50.0,18,25.5,23.3,13.0,29.0,18,268.0,False,fujikiseki-insights-2026-09-04.html:line 10529,all,mixed or unspecified,False,"aggregate mixes limit breaks, levels, race counts and unspecified scenario conditions","[""4"", ""detail""]"
20010,On and Off the Court,Mejiro Ryan,SR,Power,17,24.0,24.2,22.0,30.0,17,59.0,58.8,54.0,73.0,17,70.0,70.1,65.0,87.0,17,24.0,24.2,22.0,30.0,17,24.0,24.2,22.0,30.0,17,163.0,165.1,144.0,199.0,17,45.0,45.0,45.0,45.0,17,27.0,26.9,16.0,30.0,17,201.0,False,fujikiseki-insights-2026-09-04.html:line 10645,all,mixed or unspecified,False,"aggregate mixes limit breaks, levels, race counts and unspecified scenario conditions","[""4"", ""detail""]"
20035,Turf as Nails,Tosen Jordan,SR,Stamina,15,22.0,21.9,20.0,24.0,15,103.0,97.6,73.0,109.0,15,22.0,21.9,20.0,24.0,15,48.0,46.3,37.0,52.0,15,22.0,21.9,20.0,24.0,15,170.0,156.9,102.0,180.0,15,45.0,45.0,45.0,45.0,15,28.0,28.3,26.0,30.0,15,217.0,False,fujikiseki-insights-2026-09-04.html:line 10761,all,mixed or unspecified,False,"aggregate mixes limit breaks, levels, race counts and unspecified scenario conditions","[""4"", ""detail""]"
20013,5:00 a.m.—Right on Schedule,Eishin Flash,SR,Speed,14,86.0,81.9,59.0,107.0,14,24.0,23.5,16.0,30.0,14,46.5,44.6,32.0,58.0,14,24.0,23.5,16.0,30.0,14,24.0,23.5,16.0,30.0,14,175.5,160.5,98.0,212.0,14,45.0,45.0,45.0,45.0,14,26.0,25.5,16.0,29.0,13,204.0,False,fujikiseki-insights-2026-09-04.html:line 10877,all,mixed or unspecified,False,"aggregate mixes limit breaks, levels, race counts and unspecified scenario conditions","[""4"", ""detail""]"
20012,Experimental Studies on Subject A,Agnes Tachyon,SR,Wit,14,33.5,30.7,20.0,37.0,14,23.5,21.6,14.0,26.0,14,23.5,21.6,14.0,26.0,14,23.5,21.6,14.0,26.0,14,101.0,92.9,60.0,115.0,14,259.0,236.7,123.0,303.0,14,45.0,45.0,45.0,45.0,14,26.0,27.8,20.0,46.0,13,203.0,False,fujikiseki-insights-2026-09-04.html:line 10993,all,mixed or unspecified,False,"aggregate mixes limit breaks, levels, race counts and unspecified scenario conditions","[""4"", ""detail""]"
20047,Step! Smile! Wink!,Tokai Teio,SR,Stamina,14,22.0,22.5,15.0,29.0,14,81.0,82.9,55.0,108.0,14,22.0,22.5,15.0,29.0,14,62.0,63.5,42.0,83.0,14,22.0,22.5,15.0,29.0,14,212.5,217.4,140.0,294.0,14,45.0,45.0,45.0,45.0,14,28.0,26.4,12.0,43.0,14,209.0,False,fujikiseki-insights-2026-09-04.html:line 11109,all,mixed or unspecified,False,"aggregate mixes limit breaks, levels, race counts and unspecified scenario conditions","[""4"", ""detail""]"
20029,The World's My Oyster,Seeking the Pearl,SR,Guts,14,51.0,52.1,41.0,64.0,14,22.0,22.8,18.0,27.0,14,46.0,47.4,37.0,58.0,14,88.0,90.6,72.0,112.0,14,22.0,22.8,18.0,27.0,14,278.5,271.0,190.0,305.0,14,45.0,44.6,40.0,45.0,14,26.5,24.0,13.0,28.0,14,229.0,False,fujikiseki-insights-2026-09-04.html:line 11225,all,mixed or unspecified,False,"aggregate mixes limit breaks, levels, race counts and unspecified scenario conditions","[""3"", ""4"", ""detail""]"
30070,Dancing Light into the Night,Yukino Bijin,SSR,Guts,13,20.0,27.2,19.0,59.0,13,10.0,13.0,9.0,28.0,13,18.0,25.0,18.0,54.0,13,50.0,67.8,48.0,146.0,13,10.0,13.0,9.0,28.0,13,65.0,100.2,61.0,247.0,13,50.0,50.0,50.0,50.0,13,43.0,38.0,14.0,44.0,13,108.0,False,fujikiseki-insights-2026-09-04.html:line 11363,all,mixed or unspecified,False,"aggregate mixes limit breaks, levels, race counts and unspecified scenario conditions","[""4"", ""detail"", ""unknown""]"
30077,Lucky Star in the Sky,Admire Vega,SSR,Power,11,24.0,24.2,23.0,26.0,11,60.0,60.0,57.0,64.0,11,100.0,99.8,94.0,107.0,11,24.0,24.2,23.0,26.0,11,24.0,24.2,23.0,26.0,11,199.0,199.0,185.0,208.0,11,50.0,50.0,50.0,50.0,11,27.0,27.0,24.0,29.0,11,232.0,False,fujikiseki-insights-2026-09-04.html:line 11501,all,mixed or unspecified,False,"aggregate mixes limit breaks, levels, race counts and unspecified scenario conditions","[""4"", ""detail""]"
30065,Magical Heroine,Zenno Rob Roy,SSR,Speed,11,87.0,77.2,50.0,94.0,11,23.0,22.1,19.0,25.0,11,46.0,44.1,33.0,50.0,11,23.0,22.1,19.0,25.0,11,23.0,22.1,19.0,25.0,11,162.0,153.2,91.0,187.0,11,35.0,32.7,30.0,35.0,11,27.5,27.4,24.0,30.0,10,202.0,False,fujikiseki-insights-2026-09-04.html:line 11617,all,mixed or unspecified,False,"aggregate mixes limit breaks, levels, race counts and unspecified scenario conditions","[""0"", ""1"", ""detail""]"
20014,Poolside High Tides,Narita Taishin,SR,Speed,11,110.0,110.7,94.0,122.0,11,25.0,25.6,24.0,28.0,11,48.0,48.6,46.0,53.0,11,25.0,25.6,24.0,28.0,11,25.0,25.6,24.0,28.0,11,187.0,187.3,174.0,207.0,11,45.0,44.5,40.0,45.0,11,27.0,25.9,21.0,29.0,11,233.0,False,fujikiseki-insights-2026-09-04.html:line 11755,all,mixed or unspecified,False,"aggregate mixes limit breaks, levels, race counts and unspecified scenario conditions","[""3"", ""4"", ""detail""]"
30057,That Time I Became the Strongest,Gold Ship,SSR,Speed,11,73.0,72.8,64.0,84.0,11,23.0,23.1,19.0,26.0,11,58.0,58.0,51.0,66.0,11,23.0,23.1,19.0,26.0,11,23.0,23.1,19.0,26.0,11,239.0,231.9,170.0,277.0,11,50.0,50.0,50.0,50.0,11,28.0,26.8,21.0,33.0,11,200.0,False,fujikiseki-insights-2026-09-04.html:line 11893,all,mixed or unspecified,False,"aggregate mixes limit breaks, levels, race counts and unspecified scenario conditions","[""4"", ""detail""]"
30066,The Ghost Finds Halloween Magic,Mihono Bourbon,SSR,Wit,11,62.0,63.4,55.0,85.0,11,23.0,24.1,22.0,30.0,11,23.0,24.1,22.0,30.0,11,23.0,24.1,22.0,30.0,11,98.0,98.5,84.0,134.0,11,175.0,170.1,123.0,253.0,11,50.0,50.0,50.0,50.0,11,20.0,21.5,12.0,29.0,11,229.0,False,fujikiseki-insights-2026-09-04.html:line 12009,all,mixed or unspecified,False,"aggregate mixes limit breaks, levels, race counts and unspecified scenario conditions","[""4"", ""detail""]"
20039,An Annoying Supervisor,Vodka,SR,Speed,10,73.0,72.8,65.0,82.0,10,23.0,23.0,21.0,26.0,10,57.0,54.1,43.0,58.0,10,23.0,23.0,21.0,26.0,10,23.0,23.0,21.0,26.0,10,165.5,163.0,135.0,194.0,10,45.0,43.5,40.0,45.0,10,28.0,26.6,21.0,28.0,10,199.0,False,fujikiseki-insights-2026-09-04.html:line 12125,all,mixed or unspecified,False,"aggregate mixes limit breaks, levels, race counts and unspecified scenario conditions","[""3"", ""4"", ""detail""]"
20016,Fate's Forecast,Matikanefukukitaru,SR,Wit,10,33.5,33.5,33.0,34.0,10,20.0,20.1,20.0,21.0,10,20.0,20.1,20.0,21.0,10,20.0,20.1,20.0,21.0,10,90.5,90.9,90.0,92.0,10,165.0,169.4,158.0,205.0,10,45.0,45.0,45.0,45.0,10,30.0,30.1,30.0,31.0,10,183.0,False,fujikiseki-insights-2026-09-04.html:line 12263,all,mixed or unspecified,False,"aggregate mixes limit breaks, levels, race counts and unspecified scenario conditions","[""4"", ""detail""]"
20050,Bobbing with the Waves,Seiun Sky,SR,Wit,9,37.0,35.8,25.0,47.0,9,24.0,23.8,16.0,31.0,9,24.0,23.8,16.0,31.0,9,24.0,23.8,16.0,31.0,9,82.0,77.3,55.0,100.0,9,257.0,248.8,182.0,341.0,9,45.0,43.9,35.0,45.0,9,27.0,23.8,14.0,28.0,9,191.0,False,fujikiseki-insights-2026-09-04.html:line 12379,all,mixed or unspecified,False,"aggregate mixes limit breaks, levels, race counts and unspecified scenario conditions","[""2"", ""4"", ""detail""]"
20032,Laughing through the Mud,Inari One,SR,Power,9,20.0,20.2,18.0,27.0,9,56.0,54.7,43.0,79.0,9,97.0,92.7,70.0,136.0,9,20.0,20.2,18.0,27.0,9,20.0,20.2,18.0,27.0,9,123.0,129.8,96.0,206.0,9,45.0,45.0,45.0,45.0,9,29.0,27.1,13.0,30.0,9,213.0,False,fujikiseki-insights-2026-09-04.html:line 12517,all,mixed or unspecified,False,"aggregate mixes limit breaks, levels, race counts and unspecified scenario conditions","[""4"", ""detail""]"
30092,Mag!c Number,Air Shakur,SSR,Speed,9,76.0,75.3,52.0,95.0,9,22.0,22.4,15.0,28.0,9,48.0,47.9,33.0,60.0,9,22.0,22.4,15.0,28.0,9,22.0,22.4,15.0,28.0,9,128.0,127.2,75.0,162.0,9,50.0,50.0,50.0,50.0,9,26.0,24.9,16.0,29.0,9,190.0,False,fujikiseki-insights-2026-09-04.html:line 12633,all,mixed or unspecified,False,"aggregate mixes limit breaks, levels, race counts and unspecified scenario conditions","[""4"", ""detail""]"
30088,Special Dreamers!,Satono Diamond,SSR,Wit,9,30.0,30.7,24.0,38.0,9,22.0,22.6,18.0,27.0,9,22.0,22.6,18.0,27.0,9,22.0,22.6,18.0,27.0,9,105.0,103.6,71.0,132.0,9,228.0,223.8,130.0,299.0,9,50.0,50.0,50.0,50.0,9,23.0,20.8,11.0,28.0,8,201.0,False,fujikiseki-insights-2026-09-04.html:line 12749,all,mixed or unspecified,False,"aggregate mixes limit breaks, levels, race counts and unspecified scenario conditions","[""4"", ""detail""]"
30087,Little by Little,Mejiro Bright,SSR,Stamina,8,18.0,18.1,15.0,21.0,8,94.0,84.8,26.0,107.0,8,18.0,18.1,15.0,21.0,8,45.0,40.8,21.0,52.0,8,18.0,18.1,15.0,21.0,8,123.0,109.9,45.0,140.0,8,50.0,50.0,50.0,50.0,8,30.0,29.8,26.0,32.0,8,193.0,False,fujikiseki-insights-2026-09-04.html:line 12865,all,mixed or unspecified,False,"aggregate mixes limit breaks, levels, race counts and unspecified scenario conditions","[""4"", ""detail""]"
20033,Mud-Caked Compañero,El Condor Pasa,SR,Speed,8,74.5,70.9,46.0,81.0,8,22.0,21.4,14.0,25.0,8,47.5,46.1,32.0,55.0,8,22.0,21.4,14.0,25.0,8,22.0,21.4,14.0,25.0,8,140.5,138.0,95.0,165.0,8,45.0,44.4,40.0,45.0,8,27.5,30.1,24.0,46.0,8,187.0,False,fujikiseki-insights-2026-09-04.html:line 12981,all,mixed or unspecified,False,"aggregate mixes limit breaks, levels, race counts and unspecified scenario conditions","[""3"", ""4"", ""detail""]"
30002,Beyond This Shining Moment,Silence Suzuka,SSR,Speed,7,79.0,87.9,77.0,114.0,7,23.0,23.3,22.0,24.0,7,48.0,48.3,47.0,51.0,7,23.0,23.3,22.0,24.0,7,23.0,23.3,22.0,24.0,7,251.0,252.0,241.0,265.0,7,40.0,42.9,40.0,50.0,7,26.0,26.6,26.0,29.0,7,196.0,False,fujikiseki-insights-2026-09-04.html:line 13119,all,mixed or unspecified,False,"aggregate mixes limit breaks, levels, race counts and unspecified scenario conditions","[""2"", ""4"", ""detail""]"
30004,Breakaway Battleship,Gold Ship,SSR,Stamina,7,19.0,20.7,14.0,30.0,7,45.0,53.9,40.0,104.0,7,19.0,20.7,14.0,30.0,7,33.0,37.0,27.0,61.0,7,19.0,20.7,14.0,30.0,7,93.0,110.1,80.0,220.0,7,30.0,30.7,30.0,35.0,7,29.0,26.9,13.0,30.0,7,135.0,False,fujikiseki-insights-2026-09-04.html:line 13257,all,mixed or unspecified,False,"aggregate mixes limit breaks, levels, race counts and unspecified scenario conditions","[""0"", ""1"", ""detail""]"
20019,It's Just Water,Nice Nature,SR,Guts,7,32.0,34.0,27.0,43.0,7,20.0,20.6,15.0,23.0,7,31.0,32.6,26.0,41.0,7,61.0,65.0,55.0,87.0,7,20.0,20.6,15.0,23.0,7,94.0,111.3,81.0,220.0,7,40.0,40.7,40.0,45.0,7,29.0,29.1,29.0,30.0,7,164.0,False,fujikiseki-insights-2026-09-04.html:line 13395,all,mixed or unspecified,False,"aggregate mixes limit breaks, levels, race counts and unspecified scenario conditions","[""3"", ""4"", ""detail""]"
20028,The Perfect Book for You,Zenno Rob Roy,SR,Stamina,7,22.0,22.6,22.0,25.0,7,106.0,105.9,93.0,120.0,7,22.0,22.6,22.0,25.0,7,52.0,52.7,51.0,59.0,7,22.0,22.6,22.0,25.0,7,168.0,170.3,163.0,191.0,7,45.0,43.6,35.0,45.0,7,29.0,27.9,23.0,29.0,7,224.0,False,fujikiseki-insights-2026-09-04.html:line 13533,all,mixed or unspecified,False,"aggregate mixes limit breaks, levels, race counts and unspecified scenario conditions","[""2"", ""4"", ""detail""]"
30063,"Warm Heart, Soft Steps",Ikuno Dictus,SSR,Guts,7,31.0,27.6,20.0,38.0,7,15.0,13.9,10.0,22.0,7,29.0,26.0,19.0,36.0,7,59.0,51.6,38.0,66.0,7,15.0,13.9,10.0,22.0,7,108.0,97.0,72.0,118.0,7,50.0,50.0,50.0,50.0,7,43.0,40.7,27.0,43.0,7,149.0,False,fujikiseki-insights-2026-09-04.html:line 13671,all,mixed or unspecified,False,"aggregate mixes limit breaks, levels, race counts and unspecified scenario conditions","[""4"", ""detail""]"
30040,Who Wants the First Bite?,Hishi Akebono,SSR,Guts,7,37.0,39.6,36.0,50.0,7,21.0,22.0,20.0,29.0,7,35.0,37.6,34.0,48.0,7,58.0,64.1,57.0,83.0,7,21.0,22.0,20.0,29.0,7,113.0,129.7,108.0,180.0,7,30.0,32.9,30.0,50.0,7,28.0,25.9,13.0,29.0,7,172.0,False,fujikiseki-insights-2026-09-04.html:line 13787,all,mixed or unspecified,False,"aggregate mixes limit breaks, levels, race counts and unspecified scenario conditions","[""0"", ""2"", ""4"", ""detail""]"
20030,You Earned It!,Ines Fujin,SR,Wit,7,28.0,27.6,23.0,32.0,7,21.0,20.4,18.0,22.0,7,21.0,20.4,18.0,22.0,7,21.0,20.4,18.0,22.0,7,69.0,69.3,51.0,93.0,7,134.0,120.9,78.0,168.0,7,30.0,35.7,30.0,45.0,7,28.5,28.5,27.0,30.0,6,160.0,False,fujikiseki-insights-2026-09-04.html:line 13947,all,mixed or unspecified,False,"aggregate mixes limit breaks, levels, race counts and unspecified scenario conditions","[""1"", ""3"", ""4"", ""detail""]"
30089,A MORE MARVELOUS WORLD! ☆,Marvelous Sunday,SSR,Guts,6,62.5,69.0,61.0,89.0,6,18.5,20.3,18.0,26.0,6,51.5,56.7,50.0,73.0,6,72.0,79.2,70.0,102.0,6,18.5,20.3,18.0,26.0,6,119.0,140.2,109.0,209.0,6,50.0,50.0,50.0,50.0,6,19.0,20.3,16.0,28.0,6,221.0,False,fujikiseki-insights-2026-09-04.html:line 14107,all,mixed or unspecified,False,"aggregate mixes limit breaks, levels, race counts and unspecified scenario conditions","[""4"", ""detail""]"
20045,Almost... an Umadol?! ♡,Smart Falcon,SR,Guts,6,42.0,41.2,32.0,49.0,6,22.5,21.8,17.0,25.0,6,61.0,60.0,46.0,72.0,6,100.0,98.3,76.0,118.0,6,22.5,21.8,17.0,25.0,6,215.5,212.5,154.0,261.0,6,45.0,45.0,45.0,45.0,6,20.0,20.7,13.0,29.0,6,247.0,False,fujikiseki-insights-2026-09-04.html:line 14223,all,mixed or unspecified,False,"aggregate mixes limit breaks, levels, race counts and unspecified scenario conditions","[""4"", ""detail""]"
30064,Beware! Halloween Night!,Tamamo Cross,SSR,Power,6,23.0,23.0,22.0,24.0,6,67.0,66.7,63.0,69.0,6,116.0,115.3,109.0,119.0,6,23.0,23.0,22.0,24.0,6,23.0,23.0,22.0,24.0,6,202.5,201.3,188.0,218.0,6,50.0,50.0,50.0,50.0,6,27.0,27.2,26.0,29.0,6,252.0,False,fujikiseki-insights-2026-09-04.html:line 14339,all,mixed or unspecified,False,"aggregate mixes limit breaks, levels, race counts and unspecified scenario conditions","[""4"", ""detail""]"
10060,Tracen Academy,Riko Kashimoto,R,Pal,6,18.0,18.8,18.0,21.0,6,18.0,18.8,18.0,21.0,6,18.0,18.8,18.0,21.0,6,18.0,18.8,18.0,21.0,6,18.0,18.8,18.0,21.0,6,165.5,181.2,144.0,231.0,6,40.0,40.0,40.0,40.0,6,23.0,23.5,19.0,29.0,6,90.0,False,fujikiseki-insights-2026-09-04.html:line 14455,all,mixed or unspecified,False,"aggregate mixes limit breaks, levels, race counts and unspecified scenario conditions","[""4"", ""detail""]"
30085,A Fan's Joy,Agnes Digital,SSR,Power,5,19.0,21.0,19.0,26.0,5,47.0,49.4,39.0,60.0,5,66.0,78.2,52.0,133.0,5,19.0,21.0,19.0,26.0,5,19.0,21.0,19.0,26.0,5,128.0,153.6,87.0,292.0,5,50.0,49.0,45.0,50.0,5,29.0,29.4,24.0,34.0,5,170.0,False,fujikiseki-insights-2026-09-04.html:line 14571,all,mixed or unspecified,False,"aggregate mixes limit breaks, levels, race counts and unspecified scenario conditions","[""4"", ""detail""]"
30099,Beloved Orchid Bouquet,Ikuno Dictus,SSR,Stamina,5,24.0,24.4,24.0,25.0,5,97.0,98.2,97.0,101.0,5,24.0,24.4,24.0,25.0,5,77.0,78.0,77.0,80.0,5,24.0,24.4,24.0,25.0,5,200.0,183.4,107.0,207.0,5,50.0,46.0,30.0,50.0,5,28.0,28.0,27.0,29.0,5,246.0,False,fujikiseki-insights-2026-09-04.html:line 14687,all,mixed or unspecified,False,"aggregate mixes limit breaks, levels, race counts and unspecified scenario conditions","[""2"", ""4"", ""detail""]"
30090,Enchaînement,Symboli Rudolf,SSR,Stamina,5,22.0,19.2,15.0,22.0,5,66.0,58.8,46.0,68.0,5,22.0,19.2,15.0,22.0,5,57.0,51.0,40.0,59.0,5,22.0,19.2,15.0,22.0,5,143.0,133.2,101.0,168.0,5,50.0,48.0,40.0,50.0,5,27.0,27.4,27.0,29.0,5,189.0,False,fujikiseki-insights-2026-09-04.html:line 14825,all,mixed or unspecified,False,"aggregate mixes limit breaks, levels, race counts and unspecified scenario conditions","[""4"", ""detail""]"
30006,Fairest Fleur,Grass Wonder,SSR,Guts,5,48.0,48.8,47.0,52.0,5,22.0,23.2,22.0,28.0,5,43.0,44.6,42.0,50.0,5,107.0,105.6,86.0,124.0,5,22.0,23.2,22.0,28.0,5,192.0,193.6,181.0,206.0,5,45.0,43.0,30.0,50.0,5,28.0,26.0,16.0,29.0,5,242.0,False,fujikiseki-insights-2026-09-04.html:line 14941,all,mixed or unspecified,False,"aggregate mixes limit breaks, levels, race counts and unspecified scenario conditions","[""0"", ""3"", ""4"", ""detail""]"
30047,Mini☆Vacation,Daiwa Scarlet,SSR,Power,5,22.0,20.0,13.0,22.0,5,48.0,49.0,40.0,62.0,5,124.0,110.8,69.0,133.0,5,22.0,20.0,13.0,22.0,5,22.0,20.0,13.0,22.0,5,127.0,118.8,78.0,149.0,5,50.0,50.0,50.0,50.0,5,25.0,25.8,23.0,29.0,5,238.0,False,fujikiseki-insights-2026-09-04.html:line 15101,all,mixed or unspecified,False,"aggregate mixes limit breaks, levels, race counts and unspecified scenario conditions","[""4"", ""detail""]"
30038,Peak Sakura Season,Sakura Chiyono O,SSR,Stamina,5,23.0,21.6,16.0,24.0,5,79.0,75.2,56.0,83.0,5,23.0,21.6,16.0,24.0,5,47.0,44.8,34.0,49.0,5,23.0,21.6,16.0,24.0,5,161.0,152.4,111.0,166.0,5,50.0,50.0,50.0,50.0,5,30.0,32.2,28.0,43.0,5,195.0,False,fujikiseki-insights-2026-09-04.html:line 15217,all,mixed or unspecified,False,"aggregate mixes limit breaks, levels, race counts and unspecified scenario conditions","[""4"", ""detail""]"
30098,Sunny Passion ♪,Haru Urara,SSR,Power,5,23.0,23.0,22.0,24.0,5,47.0,46.4,43.0,48.0,5,89.0,88.2,83.0,91.0,5,23.0,23.0,22.0,24.0,5,23.0,23.0,22.0,24.0,5,310.0,309.6,287.0,330.0,5,50.0,49.0,45.0,50.0,5,28.0,28.3,28.0,29.0,3,205.0,False,fujikiseki-insights-2026-09-04.html:line 15333,all,mixed or unspecified,False,"aggregate mixes limit breaks, levels, race counts and unspecified scenario conditions","[""3"", ""4"", ""detail""]"
30112,TT Ignition!,Twin Turbo,SSR,Guts,5,62.0,60.4,52.0,64.0,5,19.0,19.2,19.0,20.0,5,47.0,47.6,47.0,49.0,5,63.0,64.0,63.0,66.0,5,19.0,19.2,19.0,20.0,5,205.0,206.0,197.0,214.0,5,50.0,49.0,45.0,50.0,5,31.0,30.2,29.0,31.0,5,210.0,False,fujikiseki-insights-2026-09-04.html:line 15471,all,mixed or unspecified,False,"aggregate mixes limit breaks, levels, race counts and unspecified scenario conditions","[""3"", ""4"", ""detail""]"
20038,The Brightest Star Shines On,Sirius Symboli,SR,Guts,5,78.0,78.6,64.0,89.0,5,23.0,23.0,19.0,26.0,5,44.0,44.2,36.0,50.0,5,94.0,95.2,78.0,108.0,5,23.0,23.0,19.0,26.0,5,171.0,175.2,122.0,211.0,5,45.0,45.0,45.0,45.0,5,21.0,23.2,16.0,30.0,5,262.0,False,fujikiseki-insights-2026-09-04.html:line 15609,all,mixed or unspecified,False,"aggregate mixes limit breaks, levels, race counts and unspecified scenario conditions","[""4"", ""detail""]"
20042,The Perfect Morning Greeting!,Sakura Bakushin O,SR,Power,5,22.0,21.8,19.0,25.0,5,46.0,47.2,43.0,54.0,5,99.0,98.0,80.0,116.0,5,22.0,21.8,19.0,25.0,5,22.0,21.8,19.0,25.0,5,143.0,146.8,123.0,172.0,5,45.0,42.0,30.0,45.0,5,26.0,25.2,19.0,29.0,5,211.0,False,fujikiseki-insights-2026-09-04.html:line 15725,all,mixed or unspecified,False,"aggregate mixes limit breaks, levels, race counts and unspecified scenario conditions","[""3"", ""4"", ""detail""]"
30029,The Will to Overtake,Satono Diamond,SSR,Stamina,5,23.0,23.6,22.0,26.0,5,76.0,86.2,73.0,105.0,5,23.0,23.6,22.0,26.0,5,51.0,55.0,40.0,68.0,5,23.0,23.6,22.0,26.0,5,150.0,170.0,144.0,207.0,5,35.0,40.0,30.0,50.0,5,28.0,27.6,26.0,29.0,5,196.0,False,fujikiseki-insights-2026-09-04.html:line 15863,all,mixed or unspecified,False,"aggregate mixes limit breaks, levels, race counts and unspecified scenario conditions","[""0"", ""1"", ""4"", ""detail""]"
30021,Tracen Reception,Tazuna Hayakawa,SSR,Pal,5,49.0,41.2,20.0,55.0,5,20.0,20.4,19.0,23.0,5,20.0,20.4,19.0,23.0,5,20.0,20.4,19.0,23.0,5,20.0,20.4,19.0,23.0,5,399.0,386.6,306.0,470.0,5,50.0,45.0,30.0,50.0,5,29.0,27.8,23.0,30.0,5,129.0,False,fujikiseki-insights-2026-09-04.html:line 16023,all,mixed or unspecified,False,"aggregate mixes limit breaks, levels, race counts and unspecified scenario conditions","[""1"", ""4"", ""detail""]"
30022,Your Team Ace,Mejiro McQueen,SSR,Stamina,5,22.0,21.6,20.0,23.0,5,97.0,97.8,90.0,103.0,5,22.0,21.6,20.0,23.0,5,57.0,57.4,53.0,60.0,5,22.0,21.6,20.0,23.0,5,143.0,139.8,118.0,159.0,5,50.0,50.0,50.0,50.0,5,28.0,28.0,25.0,32.0,5,220.0,False,fujikiseki-insights-2026-09-04.html:line 16161,all,mixed or unspecified,False,"aggregate mixes limit breaks, levels, race counts and unspecified scenario conditions","[""4"", ""detail""]"
30013,7 More Centimeters,Air Shakur,SSR,Wit,4,31.0,30.8,29.0,32.0,4,22.0,21.8,20.0,23.0,4,22.0,21.8,20.0,23.0,4,22.0,21.8,20.0,23.0,4,64.0,63.5,61.0,65.0,4,167.0,160.5,135.0,173.0,4,30.0,30.0,30.0,30.0,4,28.0,28.0,28.0,28.0,4,161.0,True,fujikiseki-insights-2026-09-04.html:line 16277,all,mixed or unspecified,False,"aggregate mixes limit breaks, levels, race counts and unspecified scenario conditions","[""0"", ""1"", ""detail""]"
30045,It's All Mine!,Sweep Tosho,SSR,Speed,4,84.5,79.8,57.0,93.0,4,20.0,18.5,12.0,22.0,4,39.5,38.0,25.0,48.0,4,20.0,18.5,12.0,22.0,4,20.0,18.5,12.0,22.0,4,120.5,135.0,61.0,238.0,4,30.0,33.8,30.0,45.0,4,29.0,29.2,28.0,31.0,4,183.0,True,fujikiseki-insights-2026-09-04.html:line 16415,all,mixed or unspecified,False,"aggregate mixes limit breaks, levels, race counts and unspecified scenario conditions","[""0"", ""2"", ""3"", ""detail""]"
20004,Nothing Escapes the Vice Prez,Air Groove,SR,Guts,4,46.5,48.0,45.0,54.0,4,24.5,25.2,24.0,28.0,4,43.5,45.0,42.0,51.0,4,88.0,90.8,85.0,102.0,4,24.5,25.2,24.0,28.0,4,174.5,185.0,167.0,224.0,4,45.0,45.0,45.0,45.0,4,28.5,26.8,21.0,29.0,4,225.0,True,fujikiseki-insights-2026-09-04.html:line 16575,all,mixed or unspecified,False,"aggregate mixes limit breaks, levels, race counts and unspecified scenario conditions","[""4"", ""detail""]"
30086,Peachy Silhouette,Narita Top Road,SSR,Speed,4,57.0,58.0,48.0,70.0,4,17.5,18.0,17.0,20.0,4,41.0,41.5,35.0,49.0,4,17.5,18.0,17.0,20.0,4,17.5,18.0,17.0,20.0,4,87.0,95.0,70.0,136.0,4,50.0,48.8,45.0,50.0,4,29.5,29.0,27.0,30.0,4,149.0,True,fujikiseki-insights-2026-09-04.html:line 16691,all,mixed or unspecified,False,"aggregate mixes limit breaks, levels, race counts and unspecified scenario conditions","[""3"", ""4"", ""detail""]"
30014,Run(my)way,Gold City,SSR,Speed,4,94.0,89.0,61.0,107.0,4,22.5,22.0,15.0,28.0,4,48.5,45.8,34.0,52.0,4,22.5,22.0,15.0,28.0,4,22.5,22.0,15.0,28.0,4,149.0,139.8,95.0,166.0,4,42.5,41.2,30.0,50.0,4,29.0,28.7,28.0,29.0,3,208.0,True,fujikiseki-insights-2026-09-04.html:line 16829,all,mixed or unspecified,False,"aggregate mixes limit breaks, levels, race counts and unspecified scenario conditions","[""0"", ""2"", ""4"", ""detail""]"
30105,Take Hold of Our Dreams!,Special Week,SSR,Guts,4,45.5,45.8,44.0,48.0,4,24.0,24.0,23.0,25.0,4,92.0,91.5,87.0,95.0,4,90.0,89.5,85.0,93.0,4,24.0,24.0,23.0,25.0,4,195.0,195.2,180.0,211.0,4,50.0,48.8,45.0,50.0,4,25.5,25.0,21.0,28.0,4,275.0,True,fujikiseki-insights-2026-09-04.html:line 16989,all,mixed or unspecified,False,"aggregate mixes limit breaks, levels, race counts and unspecified scenario conditions","[""3"", ""4"", ""detail""]"
30069,The Whistling Arrow's Taunt,Narita Brian,SSR,Stamina,4,23.0,23.5,23.0,25.0,4,84.0,85.5,82.0,92.0,4,23.0,23.5,23.0,25.0,4,57.0,57.8,55.0,62.0,4,23.0,23.5,23.0,25.0,4,259.5,264.5,256.0,283.0,4,45.0,46.2,45.0,50.0,4,29.0,28.2,26.0,29.0,4,210.0,True,fujikiseki-insights-2026-09-04.html:line 17127,all,mixed or unspecified,False,"aggregate mixes limit breaks, levels, race counts and unspecified scenario conditions","[""3"", ""4"", ""detail""]"
30080,This Might Sting!,Sasami Anshinzawa,SSR,Pal,4,21.0,21.0,20.0,22.0,4,21.0,21.0,20.0,22.0,4,21.0,21.0,20.0,22.0,4,21.0,21.0,20.0,22.0,4,21.0,21.0,20.0,22.0,4,259.0,241.0,126.0,320.0,4,45.0,45.0,40.0,50.0,4,29.0,28.8,28.0,29.0,4,105.0,True,fujikiseki-insights-2026-09-04.html:line 17265,all,mixed or unspecified,False,"aggregate mixes limit breaks, levels, race counts and unspecified scenario conditions","[""2"", ""4"", ""detail""]"
30044,Two Pieces,Narita Brian,SSR,Speed,4,105.0,112.2,103.0,136.0,4,21.0,22.2,20.0,27.0,4,42.0,44.5,41.0,53.0,4,21.0,22.2,20.0,27.0,4,21.0,22.2,20.0,27.0,4,133.0,139.0,127.0,163.0,4,50.0,48.8,45.0,50.0,4,28.0,24.2,13.0,28.0,4,210.0,True,fujikiseki-insights-2026-09-04.html:line 17403,all,mixed or unspecified,False,"aggregate mixes limit breaks, levels, race counts and unspecified scenario conditions","[""3"", ""4"", ""detail""]"
20001,"Well, Look Who's Home",Fuji Kiseki,SR,Wit,4,34.0,35.2,32.0,41.0,4,24.5,25.5,23.0,30.0,4,24.5,25.5,23.0,30.0,4,24.5,25.5,23.0,30.0,4,106.0,110.5,101.0,129.0,4,273.0,284.5,251.0,341.0,4,45.0,45.0,45.0,45.0,4,22.5,20.2,11.0,25.0,4,212.0,True,fujikiseki-insights-2026-09-04.html:line 17541,all,mixed or unspecified,False,"aggregate mixes limit breaks, levels, race counts and unspecified scenario conditions","[""4"", ""detail""]"
30043,"43, 8, 1",Nakayama Festa,SSR,Stamina,3,21.0,21.0,19.0,23.0,3,50.0,63.0,19.0,120.0,3,21.0,21.0,19.0,23.0,3,21.0,35.3,19.0,66.0,3,21.0,21.0,19.0,23.0,3,229.0,240.0,180.0,311.0,3,35.0,38.3,30.0,50.0,3,29.0,29.0,28.0,30.0,3,134.0,True,fujikiseki-insights-2026-09-04.html:line 17657,all,mixed or unspecified,False,"aggregate mixes limit breaks, levels, race counts and unspecified scenario conditions","[""0"", ""1"", ""4"", ""detail""]"
10074,Acupuncturist,Sasami Anshinzawa,R,Pal,3,21.0,20.7,20.0,21.0,3,21.0,20.7,20.0,21.0,3,21.0,20.7,20.0,21.0,3,21.0,20.7,20.0,21.0,3,21.0,20.7,20.0,21.0,3,189.0,158.7,98.0,189.0,3,40.0,35.0,25.0,40.0,3,28.0,28.0,28.0,28.0,3,105.0,True,fujikiseki-insights-2026-09-04.html:line 17817,all,mixed or unspecified,False,"aggregate mixes limit breaks, levels, race counts and unspecified scenario conditions","[""1"", ""4"", ""detail""]"
30114,"Ah, Such Majesty",Daiichi Ruby,SSR,Power,3,21.0,21.0,21.0,21.0,3,46.0,45.3,44.0,46.0,3,118.0,116.3,111.0,120.0,3,50.0,40.7,21.0,51.0,3,21.0,21.0,21.0,21.0,3,231.0,227.0,215.0,235.0,3,50.0,45.0,35.0,50.0,3,27.0,27.3,27.0,28.0,3,256.0,True,fujikiseki-insights-2026-09-04.html:line 17955,all,mixed or unspecified,False,"aggregate mixes limit breaks, levels, race counts and unspecified scenario conditions","[""1"", ""4"", ""detail""]"
30034,Happiness Just around the Bend,Rice Shower,SSR,Power,3,15.0,17.0,13.0,23.0,3,41.0,47.7,37.0,65.0,3,57.0,66.3,51.0,91.0,3,15.0,17.0,13.0,23.0,3,15.0,17.0,13.0,23.0,3,91.0,116.7,81.0,178.0,3,45.0,46.7,45.0,50.0,3,28.0,28.0,26.0,30.0,3,143.0,True,fujikiseki-insights-2026-09-04.html:line 18093,all,mixed or unspecified,False,"aggregate mixes limit breaks, levels, race counts and unspecified scenario conditions","[""3"", ""4"", ""detail""]"
20002,Nothing Hard Work Can't Solve!,Daiwa Scarlet,SR,Wit,3,42.0,40.0,32.0,46.0,3,28.0,26.3,21.0,30.0,3,28.0,26.3,21.0,30.0,3,28.0,26.3,21.0,30.0,3,115.0,109.0,87.0,125.0,3,249.0,244.0,190.0,293.0,3,45.0,45.0,45.0,45.0,3,16.0,19.3,12.0,30.0,3,241.0,True,fujikiseki-insights-2026-09-04.html:line 18231,all,mixed or unspecified,False,"aggregate mixes limit breaks, levels, race counts and unspecified scenario conditions","[""4"", ""detail""]"
20022,Now Dat's What I Call Grilled Squid!,Tamamo Cross,SR,Guts,3,37.0,43.0,36.0,56.0,3,23.0,23.3,19.0,28.0,3,50.0,58.3,48.0,77.0,3,82.0,95.3,75.0,129.0,3,23.0,23.3,19.0,28.0,3,161.0,182.7,142.0,245.0,3,45.0,45.0,45.0,45.0,3,16.0,18.7,13.0,27.0,3,215.0,True,fujikiseki-insights-2026-09-04.html:line 18347,all,mixed or unspecified,False,"aggregate mixes limit breaks, levels, race counts and unspecified scenario conditions","[""4"", ""detail""]"
30081,Passing the Dream On,Team Sirius,SSR,Group,3,27.0,26.3,25.0,27.0,3,27.0,26.3,25.0,27.0,3,27.0,26.3,25.0,27.0,3,46.0,45.7,45.0,46.0,3,27.0,26.3,25.0,27.0,3,193.0,191.7,186.0,196.0,3,50.0,50.0,50.0,50.0,3,29.0,28.3,27.0,29.0,3,154.0,True,fujikiseki-insights-2026-09-04.html:line 18463,all,mixed or unspecified,False,"aggregate mixes limit breaks, levels, race counts and unspecified scenario conditions","[""4"", ""detail""]"
20046,Reckless Witch Training,Sweep Tosho,SR,Wit,3,63.0,68.0,62.0,79.0,3,24.0,25.7,23.0,30.0,3,24.0,25.7,23.0,30.0,3,24.0,25.7,23.0,30.0,3,107.0,115.3,105.0,134.0,3,182.0,195.0,171.0,232.0,3,45.0,45.0,45.0,45.0,3,24.0,20.0,11.0,25.0,3,242.0,True,fujikiseki-insights-2026-09-04.html:line 18579,all,mixed or unspecified,False,"aggregate mixes limit breaks, levels, race counts and unspecified scenario conditions","[""4"", ""detail""]"
30111,Teio-Oo-Oo!!!,Tokai Teio,SSR,Wit,3,53.0,50.7,45.0,54.0,3,26.0,24.7,22.0,26.0,3,26.0,24.7,22.0,26.0,3,26.0,24.7,22.0,26.0,3,87.0,83.3,74.0,89.0,3,206.0,195.0,170.0,209.0,3,35.0,35.0,35.0,35.0,3,22.0,24.3,21.0,30.0,3,218.0,True,fujikiseki-insights-2026-09-04.html:line 18695,all,mixed or unspecified,False,"aggregate mixes limit breaks, levels, race counts and unspecified scenario conditions","[""1"", ""2"", ""4"", ""detail""]"
10013,Tracen Academy,Symboli Rudolf,R,Wit,3,41.0,36.3,26.0,42.0,3,22.0,19.3,14.0,22.0,3,22.0,19.3,14.0,22.0,3,22.0,19.3,14.0,22.0,3,74.0,65.0,46.0,75.0,3,142.0,125.7,85.0,150.0,3,40.0,40.0,40.0,40.0,3,25.0,26.3,25.0,29.0,3,181.0,True,fujikiseki-insights-2026-09-04.html:line 18855,all,mixed or unspecified,False,"aggregate mixes limit breaks, levels, race counts and unspecified scenario conditions","[""4"", ""detail""]"
30100,Day I Dreamed Of,Rice Shower,SSR,Wit,2,51.5,51.5,44.0,59.0,2,26.0,26.0,22.0,30.0,2,26.0,26.0,22.0,30.0,2,26.0,26.0,22.0,30.0,2,97.0,97.0,83.0,111.0,2,215.5,215.5,181.0,250.0,2,50.0,50.0,50.0,50.0,2,19.0,19.0,11.0,27.0,2,226.0,True,fujikiseki-insights-2026-09-04.html:line 18971,all,mixed or unspecified,False,"aggregate mixes limit breaks, levels, race counts and unspecified scenario conditions","[""4"", ""detail""]"
30018,Even the Littlest Bud,Nishino Flower,SSR,Speed,2,118.0,118.0,114.0,122.0,2,24.0,24.0,23.0,25.0,2,45.5,45.5,44.0,47.0,2,24.0,24.0,23.0,25.0,2,24.0,24.0,23.0,25.0,2,195.0,195.0,183.0,207.0,2,50.0,50.0,50.0,50.0,2,29.0,29.0,28.0,30.0,2,235.0,True,fujikiseki-insights-2026-09-04.html:line 19087,all,mixed or unspecified,False,"aggregate mixes limit breaks, levels, race counts and unspecified scenario conditions","[""4"", ""detail""]"
30031,Hometown Cheers,Yukino Bijin,SSR,Wit,2,29.0,29.0,28.0,30.0,2,21.5,21.5,21.0,22.0,2,21.5,21.5,21.0,22.0,2,21.5,21.5,21.0,22.0,2,55.0,55.0,50.0,60.0,2,126.5,126.5,101.0,152.0,2,30.0,30.0,30.0,30.0,2,27.5,27.5,25.0,30.0,2,147.0,True,fujikiseki-insights-2026-09-04.html:line 19203,all,mixed or unspecified,False,"aggregate mixes limit breaks, levels, race counts and unspecified scenario conditions","[""0"", ""4"", ""detail""]"
30071,Make! Some! NOISE!,Daitaku Helios,SSR,Power,2,22.5,22.5,22.0,23.0,2,53.5,53.5,53.0,54.0,2,90.0,90.0,89.0,91.0,2,22.5,22.5,22.0,23.0,2,22.5,22.5,22.0,23.0,2,239.5,239.5,237.0,242.0,2,50.0,50.0,50.0,50.0,2,28.0,28.0,27.0,29.0,2,209.0,True,fujikiseki-insights-2026-09-04.html:line 19341,all,mixed or unspecified,False,"aggregate mixes limit breaks, levels, race counts and unspecified scenario conditions","[""4"", ""detail""]"
30023,Showered in Joy,Rice Shower,SSR,Stamina,2,21.5,21.5,15.0,28.0,2,68.5,68.5,47.0,90.0,2,21.5,21.5,15.0,28.0,2,58.5,58.5,40.0,77.0,2,21.5,21.5,15.0,28.0,2,152.0,152.0,102.0,202.0,2,47.5,47.5,45.0,50.0,2,29.0,29.0,29.0,29.0,1,189.0,True,fujikiseki-insights-2026-09-04.html:line 19457,all,mixed or unspecified,False,"aggregate mixes limit breaks, levels, race counts and unspecified scenario conditions","[""3"", ""4"", ""detail""]"
30025,The Setting Sun and Rising Stars,Special Week,SSR,Speed,2,89.0,89.0,87.0,91.0,2,22.5,22.5,22.0,23.0,2,48.0,48.0,47.0,49.0,2,22.5,22.5,22.0,23.0,2,22.5,22.5,22.0,23.0,2,160.5,160.5,158.0,163.0,2,50.0,50.0,50.0,50.0,2,29.0,29.0,28.0,30.0,2,203.0,True,fujikiseki-insights-2026-09-04.html:line 19595,all,mixed or unspecified,False,"aggregate mixes limit breaks, levels, race counts and unspecified scenario conditions","[""4"", ""detail""]"
20006,Trial Initiation,Biwa Hayahide,SR,Power,2,24.0,24.0,23.0,25.0,2,62.5,62.5,60.0,65.0,2,77.0,77.0,74.0,80.0,2,24.0,24.0,23.0,25.0,2,24.0,24.0,23.0,25.0,2,189.0,189.0,180.0,198.0,2,45.0,45.0,45.0,45.0,2,28.5,28.5,27.0,30.0,2,211.0,True,fujikiseki-insights-2026-09-04.html:line 19711,all,mixed or unspecified,False,"aggregate mixes limit breaks, levels, race counts and unspecified scenario conditions","[""4"", ""detail""]"
30012,BNWinner!,Winning Ticket,SSR,Guts,1,32.0,32.0,32.0,32.0,1,19.0,19.0,19.0,19.0,1,30.0,30.0,30.0,30.0,1,67.0,67.0,67.0,67.0,1,19.0,19.0,19.0,19.0,1,93.0,93.0,93.0,93.0,1,40.0,40.0,40.0,40.0,1,29.0,29.0,29.0,29.0,1,167.0,True,fujikiseki-insights-2026-09-04.html:line 19827,all,mixed or unspecified,False,"aggregate mixes limit breaks, levels, race counts and unspecified scenario conditions","[""2"", ""detail""]"
20044,Cozy Cute Memory ♪,Curren Chan,SR,Speed,1,108.0,108.0,108.0,108.0,1,22.0,22.0,22.0,22.0,1,46.0,46.0,46.0,46.0,1,22.0,22.0,22.0,22.0,1,22.0,22.0,22.0,22.0,1,182.0,182.0,182.0,182.0,1,45.0,45.0,45.0,45.0,1,27.0,27.0,27.0,27.0,1,220.0,True,fujikiseki-insights-2026-09-04.html:line 19943,all,mixed or unspecified,False,"aggregate mixes limit breaks, levels, race counts and unspecified scenario conditions","[""4"", ""detail""]"
30015,Eat Fast! Yum Fast!,Sakura Bakushin O,SSR,Speed,1,112.0,112.0,112.0,112.0,1,22.0,22.0,22.0,22.0,1,49.0,49.0,49.0,49.0,1,22.0,22.0,22.0,22.0,1,22.0,22.0,22.0,22.0,1,205.0,205.0,205.0,205.0,1,50.0,50.0,50.0,50.0,1,30.0,30.0,30.0,30.0,1,227.0,True,fujikiseki-insights-2026-09-04.html:line 20059,all,mixed or unspecified,False,"aggregate mixes limit breaks, levels, race counts and unspecified scenario conditions","[""4"", ""detail""]"
30027,Go Ahead and Laugh,Mejiro Palmer,SSR,Guts,1,36.0,36.0,36.0,36.0,1,20.0,20.0,20.0,20.0,1,42.0,42.0,42.0,42.0,1,68.0,68.0,68.0,68.0,1,20.0,20.0,20.0,20.0,1,102.0,102.0,102.0,102.0,1,35.0,35.0,35.0,35.0,1,27.0,27.0,27.0,27.0,1,186.0,True,fujikiseki-insights-2026-09-04.html:line 20175,all,mixed or unspecified,False,"aggregate mixes limit breaks, levels, race counts and unspecified scenario conditions","[""1"", ""detail""]"
20049,Going for Gold,Gold City,SR,Wit,1,32.0,32.0,32.0,32.0,1,18.0,18.0,18.0,18.0,1,18.0,18.0,18.0,18.0,1,18.0,18.0,18.0,18.0,1,66.0,66.0,66.0,66.0,1,85.0,85.0,85.0,85.0,1,25.0,25.0,25.0,25.0,1,27.0,27.0,27.0,27.0,1,152.0,True,fujikiseki-insights-2026-09-04.html:line 20291,all,mixed or unspecified,False,"aggregate mixes limit breaks, levels, race counts and unspecified scenario conditions","[""0"", ""detail""]"
30042,Head-on Fight!,Bamboo Memory,SSR,Power,1,23.0,23.0,23.0,23.0,1,45.0,45.0,45.0,45.0,1,116.0,116.0,116.0,116.0,1,23.0,23.0,23.0,23.0,1,23.0,23.0,23.0,23.0,1,215.0,215.0,215.0,215.0,1,35.0,35.0,35.0,35.0,1,27.0,27.0,27.0,27.0,1,230.0,True,fujikiseki-insights-2026-09-04.html:line 20407,all,mixed or unspecified,False,"aggregate mixes limit breaks, levels, race counts and unspecified scenario conditions","[""1"", ""detail""]"
30103,Machitan☆Adventure,Matikanetannhauser,SSR,Wit,1,61.0,61.0,61.0,61.0,1,20.0,20.0,20.0,20.0,1,20.0,20.0,20.0,20.0,1,20.0,20.0,20.0,20.0,1,112.0,112.0,112.0,112.0,1,189.0,189.0,189.0,189.0,1,50.0,50.0,50.0,50.0,1,29.0,29.0,29.0,29.0,1,233.0,True,fujikiseki-insights-2026-09-04.html:line 20523,all,mixed or unspecified,False,"aggregate mixes limit breaks, levels, race counts and unspecified scenario conditions","[""4"", ""detail""]"
30075,My Solo Spun in Spiraling Runs,Manhattan Cafe,SSR,Stamina,1,20.0,20.0,20.0,20.0,1,121.0,121.0,121.0,121.0,1,20.0,20.0,20.0,20.0,1,52.0,52.0,52.0,52.0,1,20.0,20.0,20.0,20.0,1,176.0,176.0,176.0,176.0,1,50.0,50.0,50.0,50.0,1,27.0,27.0,27.0,27.0,1,233.0,True,fujikiseki-insights-2026-09-04.html:line 20639,all,mixed or unspecified,False,"aggregate mixes limit breaks, levels, race counts and unspecified scenario conditions","[""4"", ""detail""]"
30041,"My Thoughts, My Desires",Mejiro Dober,SSR,Wit,1,34.0,34.0,34.0,34.0,1,22.0,22.0,22.0,22.0,1,22.0,22.0,22.0,22.0,1,22.0,22.0,22.0,22.0,1,87.0,87.0,87.0,87.0,1,179.0,179.0,179.0,179.0,1,50.0,50.0,50.0,50.0,1,29.0,29.0,29.0,29.0,1,187.0,True,fujikiseki-insights-2026-09-04.html:line 20755,all,mixed or unspecified,False,"aggregate mixes limit breaks, levels, race counts and unspecified scenario conditions","[""4"", ""detail""]"
30117,"Onwards, Demon Queen Lackeys!",Shinko Windy,SSR,Guts,1,78.0,78.0,78.0,78.0,1,25.0,25.0,25.0,25.0,1,74.0,74.0,74.0,74.0,1,130.0,130.0,130.0,130.0,1,25.0,25.0,25.0,25.0,1,163.0,163.0,163.0,163.0,1,50.0,50.0,50.0,50.0,1,19.0,19.0,19.0,19.0,1,332.0,True,fujikiseki-insights-2026-09-04.html:line 20871,all,mixed or unspecified,False,"aggregate mixes limit breaks, levels, race counts and unspecified scenario conditions","[""4"", ""detail""]"
10021,Tracen Academy,Tazuna Hayakawa,R,Pal,1,20.0,20.0,20.0,20.0,1,20.0,20.0,20.0,20.0,1,20.0,20.0,20.0,20.0,1,20.0,20.0,20.0,20.0,1,20.0,20.0,20.0,20.0,1,258.0,258.0,258.0,258.0,1,40.0,40.0,40.0,40.0,1,28.0,28.0,28.0,28.0,1,100.0,True,fujikiseki-insights-2026-09-04.html:line 20987,all,mixed or unspecified,False,"aggregate mixes limit breaks, levels, race counts and unspecified scenario conditions","[""4"", ""detail""]"
30026,Turbo Booooost!,Twin Turbo,SSR,Speed,1,91.0,91.0,91.0,91.0,1,25.0,25.0,25.0,25.0,1,50.0,50.0,50.0,50.0,1,25.0,25.0,25.0,25.0,1,25.0,25.0,25.0,25.0,1,187.0,187.0,187.0,187.0,1,50.0,50.0,50.0,50.0,1,30.0,30.0,30.0,30.0,1,216.0,True,fujikiseki-insights-2026-09-04.html:line 21103,all,mixed or unspecified,False,"aggregate mixes limit breaks, levels, race counts and unspecified scenario conditions","[""4"", ""detail""]"
30048,Winning Pitch,Mejiro Ryan,SSR,Guts,1,42.0,42.0,42.0,42.0,1,22.0,22.0,22.0,22.0,1,51.0,51.0,51.0,51.0,1,81.0,81.0,81.0,81.0,1,22.0,22.0,22.0,22.0,1,233.0,233.0,233.0,233.0,1,50.0,50.0,50.0,50.0,1,28.0,28.0,28.0,28.0,1,218.0,True,fujikiseki-insights-2026-09-04.html:line 21219,all,mixed or unspecified,False,"aggregate mixes limit breaks, levels, race counts and unspecified scenario conditions","[""4"", ""detail""]"
