card,name,lb,type,score,speed,stamina,power,guts,wit,total,sp,rb,runs,updated,source_ref,eligible,excluded_reason
30036,Riko Kashimoto SSR,MLB,Friend,2.61,21.0,50.0,21.0,21.0,21.0,134.0,300.0,10.0,10+,Yes,Grand Live Card Data!B7,True,
30036,Riko Kashimoto SSR,3LB,Friend,2.37,21.0,36.0,21.0,21.0,21.0,120.0,300.0,8.0,10+,Yes,Grand Live Card Data!B8,True,
30021,Tazuna Hayakawa SSR,MLB,Friend,2.32,50.0,21.0,21.0,21.0,21.0,134.0,400.0,0.0,10+,Yes,Grand Live Card Data!B9,True,
30036,Riko Kashimoto SSR,2LB,Friend,2.16,21.0,21.0,21.0,21.0,21.0,105.0,290.0,7.0,10+,Yes,Grand Live Card Data!B10,True,
20021,Aoi Kiryuin SR,MLB,Friend,1.98,21.0,21.0,21.0,21.0,40.0,124.0,330.0,0.0,10+,Yes,Grand Live Card Data!B11,True,
30036,Riko Kashimoto SSR,1LB,Friend,1.95,21.0,21.0,21.0,21.0,21.0,105.0,250.0,6.0,10+,Yes,Grand Live Card Data!B12,True,
30021,Tazuna Hayakawa SSR,2LB,Friend,1.93,21.0,21.0,21.0,21.0,21.0,105.0,350.0,0.0,10+,Yes,Grand Live Card Data!B13,True,
30080,Sasami Anshinzawa SSR,MLB,Friend,1.89,22.0,22.0,22.0,22.0,22.0,110.0,330.0,0.0,10+,Yes,Grand Live Card Data!B14,True,
30067,Heirs to the Throne SSR,MLB,Group,3.55,64.0,38.0,38.0,38.0,38.0,216.0,400.0,10.0,50+,Yes,Grand Live Card Data!B15,True,
30067,Heirs to the Throne SSR,0LB,Group,2.37,48.0,34.0,34.0,34.0,34.0,184.0,330.0,0.0,10+,Yes,Grand Live Card Data!B16,True,
30067,Heirs to the Throne SSR,1LB,Group,2.37,48.0,34.0,34.0,34.0,34.0,184.0,330.0,0.0,1,No,Grand Live Card Data!B17,False,not updated to default-condition stats; not marked well-tested with at least 10 runs
30019,Haru Urara SSR,MLB,Guts,3.24,54.0,25.0,50.0,119.0,25.0,273.0,240.0,10.0,20+,Yes,Grand Live Card Data!B18,True,
20041,Admire Vega SR,MLB,Guts,3,54.0,22.0,51.0,87.0,22.0,236.0,150.0,15.0,10+,Yes,Grand Live Card Data!B19,True,
30070,Yukino Bijin SSR,MLB,Guts,2.87,46.0,22.0,42.0,113.0,22.0,245.0,185.0,10.0,10+,Yes,Grand Live Card Data!B20,True,
30048,Mejiro Ryan SSR,MLB,Guts,2.84,42.0,22.0,51.0,81.0,22.0,218.0,225.0,10.0,10+,Yes,Grand Live Card Data!B21,True,
30083,Sakura Bakushin O SSR,MLB,Guts,2.83,46.0,22.0,42.0,116.0,22.0,248.0,170.0,10.0,10+,Yes,Grand Live Card Data!B22,True,
20004,Air Groove SR,MLB,Guts,2.79,47.0,25.0,44.0,89.0,25.0,230.0,190.0,10.0,10+,Yes,Grand Live Card Data!B23,True,
20029,Seeking the Pearl SR,MLB,Guts,2.68,49.0,22.0,45.0,85.0,22.0,223.0,260.0,5.0,10+,No,Grand Live Card Data!B24,False,not updated to default-condition stats
30030,Matikanetannhauser SSR,MLB,Guts,2.67,49.0,23.0,46.0,142.0,23.0,283.0,150.0,5.0,10+,Yes,Grand Live Card Data!B25,True,
30011,Ines Fujin SSR,3LB,Guts,2.66,60.0,25.0,46.0,98.0,25.0,254.0,200.0,5.0,2,No,Grand Live Card Data!B26,False,not updated to default-condition stats; not marked well-tested with at least 10 runs
30105,Special Week SSR,MLB,Guts,2.58,43.0,22.0,85.0,84.0,22.0,256.0,175.0,5.0,10+,No,Grand Live Card Data!B27,False,not updated to default-condition stats
20038,Syrius Symboli SR,MLB,Guts,2.56,76.0,23.0,43.0,92.0,23.0,257.0,165.0,5.0,10+,No,Grand Live Card Data!B28,False,not updated to default-condition stats
20019,Nice Nature SR,MLB,Guts,2.53,43.0,23.0,41.0,87.0,23.0,217.0,230.0,5.0,10+,No,Grand Live Card Data!B29,False,not updated to default-condition stats
20048,Oguri Cap SR,MLB,Guts,2.52,53.0,21.0,50.0,66.0,21.0,211.0,150.0,10.0,1,No,Grand Live Card Data!B30,False,not updated to default-condition stats; not marked well-tested with at least 10 runs
20017,Meisho Doto SR,MLB,Guts,2.52,46.0,23.0,44.0,115.0,23.0,251.0,165.0,5.0,10+,Yes,Grand Live Card Data!B31,True,
20045,Smart Falcon SR,MLB,Guts,2.46,38.0,20.0,55.0,89.0,20.0,222.0,200.0,5.0,10+,No,Grand Live Card Data!B32,False,not updated to default-condition stats
20022,Tamamo Cross SR,MLB,Guts,2.4,44.0,23.0,60.0,99.0,23.0,249.0,225.0,0.0,10+,Yes,Grand Live Card Data!B33,True,
30109,Sakura Chiyono O SSR,MLB,Guts,2.26,71.0,22.0,57.0,96.0,22.0,268.0,150.0,0.0,10+,No,Grand Live Card Data!B34,False,not updated to default-condition stats
30112,Twin Turbo SSR,MLB,Guts,2.12,64.0,20.0,49.0,66.0,20.0,219.0,200.0,0.0,4,No,Grand Live Card Data!B35,False,not updated to default-condition stats; not marked well-tested with at least 10 runs
10061,Seeking the Pearl R,MLB,Guts,2.1,36.0,21.0,34.0,54.0,21.0,166.0,200.0,5.0,3,No,Grand Live Card Data!B36,False,not updated to default-condition stats; not marked well-tested with at least 10 runs
20011,Yukino Bijin SR,MLB,Guts,2.02,40.0,23.0,50.0,95.0,23.0,231.0,150.0,0.0,10+,Yes,Grand Live Card Data!B37,True,
30083,Sakura Bakushin O SSR,0LB,Guts,1.9,38.0,21.0,36.0,59.0,21.0,175.0,130.0,5.0,10+,Yes,Grand Live Card Data!B38,True,
30040,Hishi Akebono SSR,0LB,Guts,1.64,38.0,22.0,36.0,59.0,22.0,177.0,140.0,0.0,1,Yes,Grand Live Card Data!B39,False,not marked well-tested with at least 10 runs
30098,Haru Urara SSR,MLB,Power,3.07,23.0,47.0,89.0,23.0,23.0,205.0,300.0,10.0,10+,No,Grand Live Card Data!B40,False,not updated to default-condition stats
30074,Marvelous Sunday SSR,MLB,Power,3.04,20.0,89.0,99.0,20.0,20.0,248.0,140.0,15.0,50+,Yes,Grand Live Card Data!B41,True,
30007,El Condor Pasa SSR,MLB,Power,2.89,24.0,57.0,117.0,24.0,24.0,246.0,190.0,10.0,10+,Yes,Grand Live Card Data!B42,True,
20027,Nishino Flower SR,MLB,Power,2.83,23.0,44.0,96.0,23.0,23.0,209.0,150.0,15.0,50+,Yes,Grand Live Card Data!B43,True,
30071,Daitaku Helios SSR,MLB,Power,2.83,22.0,53.0,89.0,22.0,22.0,208.0,240.0,10.0,10+,No,Grand Live Card Data!B44,False,not updated to default-condition stats
20005,Agnes Digital SR,MLB,Power,2.82,24.0,55.0,123.0,24.0,24.0,250.0,250.0,5.0,50+,Yes,Grand Live Card Data!B45,True,
20003,Hishi Amazon SR,MLB,Power,2.78,22.0,66.0,103.0,22.0,22.0,235.0,180.0,10.0,10+,Yes,Grand Live Card Data!B46,True,
30042,Bamboo Memory SSR,MLB,Power,2.78,22.0,50.0,129.0,22.0,22.0,245.0,250.0,5.0,1,No,Grand Live Card Data!B47,False,not updated to default-condition stats; not marked well-tested with at least 10 runs
30077,Admire Vega SSR,MLB,Power,2.76,24.0,59.0,98.0,24.0,24.0,229.0,185.0,10.0,10+,Yes,Grand Live Card Data!B48,True,
30093,Daiwa Scarlet SSR,MLB,Power,2.65,20.0,55.0,116.0,20.0,20.0,231.0,150.0,10.0,10+,Yes,Grand Live Card Data!B49,True,
30007,El Condor Pasa SSR,3LB,Power,2.64,23.0,53.0,110.0,23.0,23.0,232.0,180.0,8.0,10+,No,Grand Live Card Data!B50,False,not updated to default-condition stats
30032,Yaeno Muteki SSR,MLB,Power,2.56,24.0,51.0,85.0,24.0,24.0,208.0,165.0,10.0,20+,Yes,Grand Live Card Data!B51,True,
30017,Smart Falcon SSR,MLB,Power,2.54,22.0,54.0,94.0,22.0,22.0,214.0,150.0,10.0,20+,No,Grand Live Card Data!B52,False,not updated to default-condition stats
20024,Daitaku Helios SR,MLB,Power,2.51,23.0,44.0,96.0,23.0,23.0,209.0,150.0,10.0,10+,Yes,Grand Live Card Data!B53,True,
20042,Sakura Bakushin O SR,MLB,Power,2.49,21.0,46.0,97.0,21.0,21.0,206.0,150.0,10.0,10+,Yes,Grand Live Card Data!B54,True,
20010,Mejiro Ryan SR,MLB,Power,2.48,24.0,58.0,69.0,24.0,24.0,199.0,160.0,10.0,10+,Yes,Grand Live Card Data!B55,True,
20009,Mihono Bourbon SR,MLB,Power,2.47,22.0,55.0,115.0,22.0,22.0,236.0,180.0,5.0,10+,Yes,Grand Live Card Data!B56,True,
30114,Daichi Ruby SSR,MLB,Power,2.47,21.0,46.0,118.0,50.0,21.0,256.0,230.0,0.0,10+,Yes,Grand Live Card Data!B57,True,
20006,Biwa Hayahide SR,MLB,Power,2.4,25.0,64.0,79.0,25.0,25.0,218.0,190.0,5.0,10+,Yes,Grand Live Card Data!B58,True,
30034,Rice Shower SSR,MLB,Power,2.37,23.0,65.0,91.0,23.0,23.0,225.0,170.0,5.0,10+,Yes,Grand Live Card Data!B59,True,
30077,Admire Vega SSR,3LB,Power,2.35,23.0,55.0,92.0,23.0,23.0,216.0,180.0,5.0,3,No,Grand Live Card Data!B60,False,not updated to default-condition stats; not marked well-tested with at least 10 runs
20043,Special Week SR,MLB,Power,2.29,23.0,79.0,85.0,23.0,23.0,233.0,135.0,5.0,20+,Yes,Grand Live Card Data!B61,True,
20037,Fine Motion SR,MLB,Power,2.29,22.0,46.0,78.0,22.0,22.0,190.0,210.0,5.0,10+,Yes,Grand Live Card Data!B62,True,
30096,Kawakami Princess SSR,MLB,Power,2.27,20.0,44.0,119.0,20.0,20.0,223.0,145.0,5.0,10+,Yes,Grand Live Card Data!B63,True,
30056,King Halo SSR,MLB,Power,2.27,22.0,56.0,126.0,22.0,22.0,248.0,190.0,0.0,10+,Yes,Grand Live Card Data!B64,True,
30056,King Halo SSR,2LB,Power,2.27,22.0,56.0,126.0,22.0,22.0,248.0,190.0,0.0,2,No,Grand Live Card Data!B65,False,not updated to default-condition stats; not marked well-tested with at least 10 runs
30017,Smart Falcon SSR,3LB,Power,2.23,23.0,53.0,92.0,23.0,23.0,214.0,150.0,5.0,4,No,Grand Live Card Data!B66,False,not updated to default-condition stats; not marked well-tested with at least 10 runs
30114,Daichi Ruby SSR,1LB,Power,2.16,21.0,44.0,109.0,21.0,21.0,216.0,215.0,0.0,10+,Yes,Grand Live Card Data!B67,True,
30005,Vodka SSR,0LB,Power,2.11,22.0,50.0,74.0,22.0,22.0,190.0,160.0,5.0,1,Yes,Grand Live Card Data!B68,False,not marked well-tested with at least 10 runs
30047,Daiwa Scarlet SSR,MLB,Power,2.05,22.0,47.0,126.0,22.0,22.0,239.0,145.0,0.0,10+,Yes,Grand Live Card Data!B69,True,
30033,Winning Ticket SSR,MLB,Power,2.03,23.0,51.0,91.0,23.0,23.0,211.0,190.0,0.0,10+,Yes,Grand Live Card Data!B70,True,
20032,Inari One SR,MLB,Power,2.02,21.0,60.0,103.0,21.0,21.0,226.0,160.0,0.0,10+,Yes,Grand Live Card Data!B71,True,
30077,Admire Vega SSR,1LB,Power,2,24.0,53.0,89.0,24.0,24.0,214.0,175.0,0.0,1,Yes,Grand Live Card Data!B72,False,not marked well-tested with at least 10 runs
30056,King Halo SSR,1LB,Power,1.86,22.0,51.0,87.0,22.0,22.0,204.0,155.0,0.0,10+,Yes,Grand Live Card Data!B73,True,
30017,Smart Falcon SSR,2LB,Power,1.84,22.0,52.0,91.0,22.0,22.0,209.0,140.0,0.0,10+,Yes,Grand Live Card Data!B74,True,
30017,Smart Falcon SSR,1LB,Power,1.77,22.0,50.0,87.0,22.0,22.0,203.0,130.0,0.0,1,No,Grand Live Card Data!B75,False,not updated to default-condition stats; not marked well-tested with at least 10 runs
30056,King Halo SSR,0LB,Power,1.71,21.0,49.0,71.0,21.0,21.0,183.0,150.0,0.0,10+,Yes,Grand Live Card Data!B76,True,
30024,Oguri Cap SSR,0LB,Power,1.68,22.0,38.0,85.0,22.0,22.0,189.0,130.0,0.0,1,Yes,Grand Live Card Data!B77,False,not marked well-tested with at least 10 runs
30078,Matikanefukukitaru SSR,MLB,Speed,3.54,108.0,54.0,77.0,54.0,54.0,347.0,190.0,10.0,50+,Yes,Grand Live Card Data!B78,True,
30045,Sweep Tosho SSR,MLB,Speed,2.96,118.0,22.0,51.0,22.0,22.0,235.0,230.0,10.0,10+,Yes,Grand Live Card Data!B79,True,
30020,Biko Pegasus SSR,MLB,Speed,2.92,128.0,24.0,50.0,24.0,24.0,250.0,190.0,10.0,10+,Yes,Grand Live Card Data!B80,True,
30015,Sakura Bakushin O SSR,MLB,Speed,2.87,117.0,23.0,51.0,23.0,23.0,237.0,200.0,10.0,10+,No,Grand Live Card Data!B81,False,not updated to default-condition stats
30039,Kawakami Princess SSR,MLB,Speed,2.78,126.0,22.0,54.0,22.0,22.0,246.0,160.0,10.0,10+,Yes,Grand Live Card Data!B82,True,
30095,Seeking the Pearl SSR,MLB,Speed,2.76,93.0,23.0,79.0,23.0,23.0,241.0,250.0,5.0,5,No,Grand Live Card Data!B83,False,not updated to default-condition stats; not marked well-tested with at least 10 runs
20031,Shinko Windy SR,MLB,Speed,2.74,116.0,23.0,49.0,23.0,23.0,234.0,170.0,10.0,50+,Yes,Grand Live Card Data!B84,True,
30002,Silence Suzuka SSR,MLB,Speed,2.66,110.0,22.0,49.0,22.0,22.0,225.0,250.0,5.0,10+,No,Grand Live Card Data!B85,False,not updated to default-condition stats
30025,Special Week SSR,MLB,Speed,2.62,91.0,23.0,49.0,23.0,23.0,209.0,180.0,10.0,10+,Yes,Grand Live Card Data!B86,True,
30107,Maruzensky SSR,MLB,Speed,2.61,100.0,26.0,65.0,26.0,26.0,243.0,205.0,5.0,50+,Yes,Grand Live Card Data!B87,True,
20023,Sweep Tosho SR,MLB,Speed,2.59,85.0,24.0,52.0,24.0,24.0,209.0,260.0,5.0,50+,Yes,Grand Live Card Data!B88,True,
30014,Gold City SSR,MLB,Speed,2.55,93.0,22.0,51.0,22.0,22.0,210.0,160.0,10.0,1,No,Grand Live Card Data!B89,False,not updated to default-condition stats; not marked well-tested with at least 10 runs
30107,Maruzensky SSR,3LB,Speed,2.52,96.0,25.0,63.0,25.0,25.0,234.0,195.0,5.0,10+,Yes,Grand Live Card Data!B90,True,
30002,Silence Suzuka SSR,3LB,Speed,2.51,93.0,22.0,49.0,22.0,22.0,208.0,240.0,5.0,4,No,Grand Live Card Data!B91,False,not updated to default-condition stats; not marked well-tested with at least 10 runs
30101,Agnes Tachyon SSR,MLB,Speed,2.51,117.0,21.0,44.0,21.0,21.0,224.0,300.0,0.0,50+,Yes,Grand Live Card Data!B92,True,
30028,Kitasan Black SSR,MLB,Speed,2.46,85.0,25.0,63.0,25.0,25.0,223.0,200.0,5.0,10+,Yes,Grand Live Card Data!B93,True,
30028,Kitasan Black SSR,3LB,Speed,2.46,85.0,25.0,63.0,25.0,25.0,223.0,200.0,5.0,10+,Yes,Grand Live Card Data!B94,True,
20014,Narita Taishin SR,MLB,Speed,2.44,108.0,25.0,47.0,25.0,25.0,230.0,180.0,5.0,10+,Yes,Grand Live Card Data!B95,True,
30084,Tosen Jordan SSR,MLB,Speed,2.39,108.0,22.0,69.0,22.0,22.0,243.0,145.0,5.0,50+,Yes,Grand Live Card Data!B96,True,
20044,Curren Chan SR,MLB,Speed,2.32,106.0,22.0,46.0,22.0,22.0,218.0,170.0,5.0,10+,Yes,Grand Live Card Data!B97,True,
30020,Biko Pegasus SSR,1LB,Speed,2.28,104.0,23.0,45.0,23.0,23.0,218.0,140.0,6.0,10+,Yes,Grand Live Card Data!B98,True,
30072,Mayano Top Gun SSR,MLB,Speed,2.27,85.0,23.0,58.0,23.0,23.0,212.0,165.0,5.0,10+,Yes,Grand Live Card Data!B99,True,
20013,Eishin Flash SR,MLB,Speed,2.26,85.0,24.0,46.0,24.0,24.0,203.0,180.0,5.0,10+,Yes,Grand Live Card Data!B100,True,
30039,Kawakami Princess SSR,1LB,Speed,2.25,110.0,21.0,51.0,21.0,21.0,224.0,120.0,6.0,10+,Yes,Grand Live Card Data!B101,True,
30107,Maruzensky SSR,2LB,Speed,2.25,89.0,24.0,59.0,24.0,24.0,220.0,180.0,3.0,10+,Yes,Grand Live Card Data!B102,True,
30086,Narita Top Road SSR,MLB,Speed,2.23,68.0,20.0,48.0,20.0,20.0,176.0,130.0,10.0,10+,No,Grand Live Card Data!B103,False,not updated to default-condition stats
30095,Seeking the Pearl SSR,1LB,Speed,2.2,72.0,22.0,45.0,22.0,22.0,183.0,250.0,2.0,1,No,Grand Live Card Data!B104,False,not updated to default-condition stats; not marked well-tested with at least 10 runs
20039,Vodka SR,MLB,Speed,2.18,74.0,23.0,58.0,23.0,23.0,201.0,160.0,5.0,10+,Yes,Grand Live Card Data!B105,True,
30101,Agnes Tachyon SSR,3LB,Speed,2.17,112.0,20.0,43.0,20.0,20.0,215.0,220.0,0.0,10+,No,Grand Live Card Data!B106,False,not updated to default-condition stats
30057,Gold Ship SSR,MLB,Speed,2.14,73.0,23.0,58.0,23.0,23.0,200.0,240.0,0.0,10+,Yes,Grand Live Card Data!B107,True,
30044,Narita Brian SSR,MLB,Speed,2.13,105.0,21.0,42.0,21.0,21.0,210.0,130.0,5.0,10+,Yes,Grand Live Card Data!B108,True,
30107,Maruzensky SSR,1LB,Speed,2.13,87.0,24.0,58.0,24.0,24.0,217.0,170.0,2.0,10+,Yes,Grand Live Card Data!B109,True,
30044,Narita Brian SSR,3LB,Speed,2.1,103.0,21.0,40.0,21.0,21.0,206.0,130.0,5.0,1,Yes,Grand Live Card Data!B110,False,not marked well-tested with at least 10 runs
30121,Mihono Bourbon SSR,MLB,Speed,2.07,102.0,22.0,38.0,22.0,22.0,206.0,210.0,0.0,10+,No,Grand Live Card Data!B111,False,not updated to default-condition stats
30053,Taiki Shuttle SSR,1LB,Speed,2.05,71.0,20.0,44.0,20.0,20.0,175.0,170.0,5.0,10+,Yes,Grand Live Card Data!B112,True,
30045,Sweep Tosho SSR,0LB,Speed,2.01,93.0,20.0,40.0,22.0,22.0,197.0,120.0,5.0,1,Yes,Grand Live Card Data!B113,False,not marked well-tested with at least 10 runs
30092,Air Shakur SSR,MLB,Speed,2,76.0,22.0,48.0,22.0,22.0,190.0,130.0,5.0,10+,Yes,Grand Live Card Data!B114,True,
30072,Mayano Top Gun SSR,1LB,Speed,2,79.0,23.0,55.0,23.0,23.0,203.0,160.0,2.0,1,No,Grand Live Card Data!B115,False,not updated to default-condition stats; not marked well-tested with at least 10 runs
30076,Silence Suzuka SSR,MLB,Speed,1.98,77.0,22.0,42.0,22.0,22.0,185.0,132.0,5.0,2,No,Grand Live Card Data!B116,False,not updated to default-condition stats; not marked well-tested with at least 10 runs
10002,Silence Suzuka R,MLB,Speed,1.98,53.0,20.0,35.0,20.0,20.0,148.0,200.0,5.0,4,No,Grand Live Card Data!B117,False,not updated to default-condition stats; not marked well-tested with at least 10 runs
20020,King Halo SR,MLB,Speed,1.97,95.0,23.0,52.0,23.0,23.0,216.0,164.0,0.0,1,No,Grand Live Card Data!B118,False,not updated to default-condition stats; not marked well-tested with at least 10 runs
30014,Gold City SSR,2LB,Speed,1.9,93.0,23.0,51.0,23.0,23.0,213.0,150.0,0.0,10+,Yes,Grand Live Card Data!B119,True,
30101,Agnes Tachyon SSR,2LB,Speed,1.9,109.0,20.0,43.0,20.0,20.0,212.0,150.0,0.0,10+,No,Grand Live Card Data!B120,False,not updated to default-condition stats
10050,Sweep Tosho R,MLB,Speed,1.89,47.0,20.0,32.0,20.0,20.0,139.0,190.0,5.0,4,No,Grand Live Card Data!B121,False,not updated to default-condition stats; not marked well-tested with at least 10 runs
30065,Zenno Rob Roy SSR,2LB,Speed,1.87,87.0,23.0,46.0,23.0,23.0,202.0,160.0,0.0,10+,Yes,Grand Live Card Data!B122,True,
30101,Agnes Tachyon SSR,1LB,Speed,1.86,103.0,20.0,43.0,20.0,20.0,206.0,150.0,0.0,10+,No,Grand Live Card Data!B123,False,not updated to default-condition stats
30072,Mayano Top Gun SSR,0LB,Speed,1.81,65.0,23.0,54.0,23.0,23.0,188.0,150.0,1.0,1,Yes,Grand Live Card Data!B124,False,not marked well-tested with at least 10 runs
30101,Agnes Tachyon SSR,0LB,Speed,1.76,89.0,20.0,42.0,20.0,20.0,191.0,150.0,0.0,2,No,Grand Live Card Data!B125,False,not updated to default-condition stats; not marked well-tested with at least 10 runs
30016,Super Creek SSR,MLB,Stamina,3.01,23.0,132.0,23.0,58.0,23.0,259.0,200.0,10.0,20+,Yes,Grand Live Card Data!B126,True,
30029,Satono Diamond SSR,MLB,Stamina,2.86,24.0,99.0,24.0,64.0,24.0,235.0,200.0,10.0,10+,No,Grand Live Card Data!B127,False,not updated to default-condition stats
30016,Super Creek SSR,3LB,Stamina,2.75,23.0,125.0,23.0,56.0,23.0,250.0,180.0,8.0,10+,Yes,Grand Live Card Data!B128,True,
30075,Manhattan Cafe SSR,MLB,Stamina,2.7,20.0,119.0,20.0,51.0,20.0,230.0,165.0,10.0,10+,Yes,Grand Live Card Data!B129,True,
30009,Tamamo Cross SSR,MLB,Stamina,2.7,25.0,140.0,25.0,53.0,25.0,268.0,185.0,5.0,10+,Yes,Grand Live Card Data!B130,True,
20047,Tokai Teio SR,MLB,Stamina,2.69,22.0,81.0,22.0,62.0,22.0,209.0,200.0,10.0,10+,Yes,Grand Live Card Data!B131,True,
20007,Mayano Top Gun SR,MLB,Stamina,2.65,23.0,110.0,23.0,57.0,23.0,236.0,230.0,5.0,20+,Yes,Grand Live Card Data!B132,True,
20008,Manhattan Cafe SR,MLB,Stamina,2.57,23.0,97.0,23.0,46.0,23.0,212.0,160.0,10.0,10+,Yes,Grand Live Card Data!B133,True,
30016,Super Creek SSR,2LB,Stamina,2.55,23.0,116.0,23.0,54.0,23.0,239.0,160.0,7.0,10+,Yes,Grand Live Card Data!B134,True,
30062,Silence Suzuka SSR,MLB,Stamina,2.51,23.0,136.0,23.0,48.0,23.0,253.0,160.0,5.0,10+,Yes,Grand Live Card Data!B135,True,
30104,Zenno Rob Roy SSR,MLB,Stamina,2.49,22.0,111.0,22.0,78.0,22.0,255.0,150.0,5.0,10+,Yes,Grand Live Card Data!B136,True,
30113,Biwa Hayahide SSR,MLB,Stamina,2.37,22.0,100.0,22.0,42.0,22.0,208.0,200.0,5.0,10+,Yes,Grand Live Card Data!B137,True,
30016,Super Creek SSR,1LB,Stamina,2.35,22.0,108.0,22.0,50.0,22.0,224.0,150.0,6.0,1,No,Grand Live Card Data!B138,False,not updated to default-condition stats; not marked well-tested with at least 10 runs
20035,Tosen Jordan SR,MLB,Stamina,2.34,23.0,105.0,23.0,49.0,23.0,223.0,165.0,5.0,10+,Yes,Grand Live Card Data!B139,True,
30008,Seiun Sky SSR,MLB,Stamina,2.34,23.0,93.0,23.0,55.0,23.0,217.0,175.0,5.0,10+,Yes,Grand Live Card Data!B140,True,
30022,Mejiro McQueen SSR,MLB,Stamina,2.28,22.0,98.0,22.0,58.0,22.0,222.0,150.0,5.0,10+,Yes,Grand Live Card Data!B141,True,
30008,Seiun Sky SSR,3LB,Stamina,2.28,23.0,88.0,23.0,52.0,23.0,209.0,175.0,5.0,2,No,Grand Live Card Data!B142,False,not updated to default-condition stats; not marked well-tested with at least 10 runs
30008,Seiun Sky SSR,2LB,Stamina,2.26,23.0,87.0,23.0,50.0,23.0,206.0,175.0,5.0,10+,Yes,Grand Live Card Data!B143,True,
20040,Mejiro Ryan SR,MLB,Stamina,2.24,22.0,83.0,22.0,61.0,22.0,210.0,160.0,5.0,10+,Yes,Grand Live Card Data!B144,True,
30079,Meisho Doto SSR,MLB,Stamina,2.2,22.0,112.0,22.0,81.0,22.0,259.0,150.0,0.0,10+,Yes,Grand Live Card Data!B145,True,
30038,Sakura Chiyono O SSR,2LB,Stamina,2.18,23.0,78.0,23.0,46.0,23.0,193.0,175.0,5.0,10+,Yes,Grand Live Card Data!B146,True,
30087,Mejiro Bright SSR,MLB,Stamina,2.13,20.0,102.0,20.0,49.0,20.0,211.0,130.0,5.0,10+,Yes,Grand Live Card Data!B147,True,
30023,Rice Shower SSR,MLB,Stamina,2.13,22.0,72.0,22.0,61.0,22.0,199.0,150.0,5.0,10+,Yes,Grand Live Card Data!B148,True,
30009,Tamamo Cross SSR,0LB,Stamina,2.13,23.0,81.0,23.0,44.0,23.0,194.0,160.0,5.0,1,Yes,Grand Live Card Data!B149,False,not marked well-tested with at least 10 runs
30004,Gold Ship SSR,MLB,Stamina,2.13,24.0,114.0,24.0,49.0,24.0,235.0,175.0,0.0,10+,Yes,Grand Live Card Data!B150,True,
20028,Zenno Rob Roy SR,MLB,Stamina,2.07,23.0,108.0,23.0,53.0,23.0,230.0,165.0,0.0,10+,Yes,Grand Live Card Data!B151,True,
30010,Fine Motion SSR,MLB,Wit,3.12,42.0,25.0,25.0,25.0,142.0,259.0,230.0,10.0,50+,Yes,Grand Live Card Data!B152,True,
30108,Nakayama Festa SSR,MLB,Wit,3.01,40.0,26.0,26.0,26.0,99.0,217.0,270.0,10.0,50+,Yes,Grand Live Card Data!B153,True,
30054,Nice Nature SSR,MLB,Wit,2.93,36.0,23.0,23.0,23.0,98.0,203.0,190.0,15.0,10+,Yes,Grand Live Card Data!B154,True,
20012,Agnes Tachyon SR,MLB,Wit,2.77,32.0,23.0,23.0,23.0,100.0,201.0,235.0,10.0,10+,Yes,Grand Live Card Data!B155,True,
20046,Sweep Tosho SR,MLB,Wit,2.67,58.0,22.0,22.0,22.0,98.0,222.0,170.0,10.0,10+,Yes,Grand Live Card Data!B156,True,
20015,Marvelous Sunday SR,MLB,Wit,2.65,32.0,23.0,23.0,23.0,118.0,219.0,170.0,10.0,10+,Yes,Grand Live Card Data!B157,True,
30091,Syrius Symboli SSR,MLB,Wit,2.64,47.0,23.0,23.0,23.0,91.0,207.0,190.0,10.0,1,Yes,Grand Live Card Data!B158,False,not marked well-tested with at least 10 runs
20018,Mejiro Dober SR,MLB,Wit,2.61,36.0,25.0,25.0,25.0,132.0,243.0,205.0,5.0,10+,Yes,Grand Live Card Data!B159,True,
30097,Mr. CB SSR,MLB,Wit,2.56,46.0,23.0,23.0,23.0,97.0,212.0,245.0,5.0,10+,Yes,Grand Live Card Data!B160,True,
20050,Seiun Sky SR,MLB,Wit,2.53,36.0,24.0,24.0,24.0,81.0,189.0,280.0,5.0,10+,Yes,Grand Live Card Data!B161,True,
20026,Nice Nature SR,MLB,Wit,2.46,36.0,25.0,25.0,25.0,111.0,222.0,200.0,5.0,10+,Yes,Grand Live Card Data!B162,True,
20025,Ikuno Dictus SR,MLB,Wit,2.43,32.0,22.0,22.0,22.0,106.0,204.0,225.0,5.0,10+,Yes,Grand Live Card Data!B163,True,
30031,Yukino Bijin SSR,MLB,Wit,2.42,34.0,24.0,24.0,24.0,116.0,222.0,190.0,5.0,10+,Yes,Grand Live Card Data!B164,True,
30111,Tokai Teio SSR,MLB,Wit,2.41,48.0,23.0,23.0,23.0,103.0,220.0,190.0,5.0,10+,Yes,Grand Live Card Data!B165,True,
20001,Fuji Kiseki SR,MLB,Wit,2.41,31.0,22.0,22.0,22.0,95.0,192.0,240.0,5.0,10+,Yes,Grand Live Card Data!B166,True,
30066,Mihono Bourbon SSR,MLB,Wit,2.39,62.0,22.0,22.0,22.0,98.0,226.0,175.0,5.0,10+,No,Grand Live Card Data!B167,False,not updated to default-condition stats
30097,Mr. CB SSR,2LB,Wit,2.34,44.0,21.0,21.0,21.0,85.0,192.0,220.0,5.0,10+,Yes,Grand Live Card Data!B168,True,
20002,Daiwa Scarlet SR,MLB,Wit,2.29,34.0,23.0,23.0,23.0,93.0,196.0,200.0,5.0,10+,Yes,Grand Live Card Data!B169,True,
30097,Mr. CB SSR,1LB,Wit,2.28,42.0,21.0,21.0,21.0,83.0,188.0,210.0,5.0,1,No,Grand Live Card Data!B170,False,not updated to default-condition stats; not marked well-tested with at least 10 runs
30088,Satono Diamond SSR,MLB,Wit,2.26,28.0,20.0,20.0,20.0,97.0,185.0,210.0,5.0,10+,Yes,Grand Live Card Data!B171,True,
30108,Nakayama Festa SSR,2LB,Wit,2.2,36.0,25.0,25.0,25.0,86.0,197.0,260.0,0.0,9,No,Grand Live Card Data!B172,False,not updated to default-condition stats; not marked well-tested with at least 10 runs
30100,Rice Shower SSR,MLB,Wit,2.19,44.0,22.0,22.0,22.0,81.0,191.0,180.0,5.0,2,No,Grand Live Card Data!B173,False,not updated to default-condition stats; not marked well-tested with at least 10 runs
30108,Nakayama Festa SSR,1LB,Wit,2.15,36.0,25.0,25.0,25.0,85.0,196.0,250.0,0.0,10+,Yes,Grand Live Card Data!B174,True,
20030,Ines Fujin SR,MLB,Wit,2.1,32.0,22.0,22.0,22.0,91.0,189.0,160.0,5.0,10+,Yes,Grand Live Card Data!B175,True,
20016,Matikanefukukitaru SR,MLB,Wit,2.02,36.0,22.0,22.0,22.0,95.0,197.0,210.0,0.0,10+,No,Grand Live Card Data!B176,False,not updated to default-condition stats
30031,Yukino Bijin SSR,0LB,Wit,1.91,31.0,22.0,22.0,22.0,62.0,159.0,160.0,5.0,20+,No,Grand Live Card Data!B177,False,not updated to default-condition stats
30013,Air Shakur SSR,0LB,Wit,1.67,32.0,23.0,23.0,23.0,65.0,166.0,170.0,0.0,1,Yes,Grand Live Card Data!B178,False,not marked well-tested with at least 10 runs
30052,Light Hello SSR,MLB,Friend,2.82,50.0,21.0,21.0,50.0,21.0,163.0,390.0,5.0,50+,Yes,Grand Live Card Data!R7,True,
30052,Light Hello SSR,3LB,Friend,2.72,36.0,21.0,21.0,48.0,21.0,147.0,390.0,5.0,20+,Yes,Grand Live Card Data!R8,True,
30052,Light Hello SSR,2LB,Friend,2.34,21.0,21.0,21.0,47.0,21.0,131.0,360.0,3.0,20+,Yes,Grand Live Card Data!R9,True,
30052,Light Hello SSR,1LB,Friend,2.18,21.0,21.0,21.0,46.0,21.0,130.0,340.0,2.0,20+,Yes,Grand Live Card Data!R10,True,
30052,Light Hello SSR,0LB,Friend,1.94,20.0,20.0,20.0,44.0,20.0,124.0,300.0,1.0,20+,No,Grand Live Card Data!R11,False,not updated to default-condition stats
10083,Light Hello R,MLB,Friend,DO NOT,15.0,15.0,15.0,30.0,15.0,90.0,150.0,5.0,3,Yes,Grand Live Card Data!R12,False,not marked well-tested with at least 10 runs; Light Hello R changes the reference deck condition
