title,char,rarity,type,runs,speed_mean,speed_median,stamina_mean,stamina_median,power_mean,power_median,guts_mean,guts_median,wit_mean,wit_median,total,sp_mean,sp_median,level_mean,level_median,races_mean,races_median,flagged
Dazzling Day in the Snow,Marvelous Sunday,SSR,Power,704,20.0,20.0,87.0,86.0,97.0,96.0,20.0,20.0,20.0,20.0,244.0,141.0,137.0,50.0,50.0,28.0,28.0,
Touching Sleeves Is Good Luck! ♪,Matikanefukukitaru,SSR,Speed,511,107.0,106.0,53.0,53.0,76.0,75.0,53.0,53.0,53.0,53.0,342.0,191.0,187.0,50.0,50.0,28.0,28.0,
Q≠0,Agnes Tachyon,SSR,Speed,415,114.0,114.0,20.0,20.0,43.0,43.0,20.0,20.0,20.0,20.0,217.0,294.0,285.0,50.0,49.0,28.0,28.0,
Esteemed and Adored,The Throne's Assemblage,SSR,Group,374,62.0,62.0,38.0,37.0,38.0,37.0,38.0,37.0,38.0,37.0,214.0,400.0,385.0,50.0,49.0,28.0,28.0,
Lifting Your Spirits,Nishino Flower,SR,Power,355,23.0,22.0,44.0,42.0,96.0,92.0,23.0,22.0,23.0,22.0,209.0,152.0,144.0,45.0,45.0,28.0,28.0,
Lamplit Training of a Witch-to-Be,Sweep Tosho,SR,Speed,263,85.0,84.0,24.0,24.0,52.0,52.0,24.0,24.0,24.0,24.0,209.0,265.0,259.0,45.0,45.0,28.0,27.0,
Planned Perfection,Riko Kashimoto,SSR,Pal,256,20.0,20.0,33.0,33.0,20.0,20.0,20.0,20.0,20.0,20.0,113.0,277.0,267.0,45.0,44.0,28.0,27.0,
Piece of Mind,Super Creek,SSR,Stamina,180,23.0,22.0,130.0,122.0,23.0,22.0,57.0,54.0,23.0,22.0,256.0,192.0,179.0,50.0,48.0,28.0,28.0,
Sentimental Flare ♪,Maruzensky,SSR,Speed,179,94.0,89.0,25.0,24.0,62.0,59.0,25.0,24.0,25.0,24.0,231.0,190.0,175.0,45.0,45.0,28.0,27.0,
///WARNING GATE///,Shinko Windy,SR,Speed,169,116.0,113.0,23.0,22.0,50.0,48.0,23.0,22.0,23.0,22.0,235.0,176.0,168.0,45.0,45.0,27.0,28.0,
Winning Dream,Silence Suzuka,SSR,Stamina,136,23.0,23.0,136.0,135.0,23.0,23.0,48.0,48.0,23.0,23.0,253.0,165.0,162.0,50.0,49.0,28.0,26.0,
Wave of Gratitude,Fine Motion,SSR,Wit,123,40.0,39.0,24.0,23.0,24.0,23.0,24.0,23.0,136.0,132.0,248.0,221.0,208.0,50.0,50.0,29.0,29.0,
Let's Get This Party Lit!,Daitaku Helios,SR,Power,97,22.0,22.0,43.0,43.0,94.0,94.0,22.0,22.0,22.0,22.0,203.0,152.0,150.0,45.0,45.0,28.0,28.0,
"Split the Sky, White Lightning!",Tamamo Cross,SSR,Stamina,97,25.0,24.0,140.0,137.0,25.0,24.0,53.0,53.0,25.0,24.0,268.0,192.0,191.0,50.0,50.0,28.0,27.0,
Digital's Recharge Station,Agnes Digital,SR,Power,85,24.0,24.0,55.0,56.0,123.0,125.0,24.0,24.0,24.0,24.0,250.0,270.0,268.0,45.0,45.0,28.0,26.0,
Trusting the Dice,Nakayama Festa,SSR,Wit,84,38.0,38.0,25.0,25.0,25.0,25.0,25.0,25.0,95.0,95.0,208.0,280.0,279.0,50.0,50.0,29.0,28.0,
Fire at My Heels,Kitasan Black,SSR,Speed,74,82.0,82.0,24.0,24.0,61.0,61.0,24.0,24.0,24.0,24.0,215.0,186.0,182.0,50.0,50.0,28.0,26.0,
Champion's Passion,El Condor Pasa,SSR,Power,71,23.0,22.0,56.0,53.0,114.0,108.0,23.0,22.0,23.0,22.0,239.0,190.0,177.0,50.0,50.0,28.0,29.0,
Reach the Top!,Hishi Amazon,SR,Power,70,22.0,22.0,66.0,66.0,103.0,103.0,22.0,22.0,22.0,22.0,235.0,183.0,184.0,45.0,45.0,28.0,28.0,
My Umadol Way! ☆,Smart Falcon,SSR,Power,68,21.0,22.0,51.0,50.0,90.0,87.0,21.0,22.0,21.0,22.0,204.0,139.0,131.0,42.0,42.0,28.0,27.0,
Fiery Discipline,Yaeno Muteki,SSR,Power,64,23.0,23.0,50.0,47.0,82.0,76.0,23.0,23.0,23.0,23.0,200.0,150.0,143.0,50.0,46.0,28.0,28.0,
My Way,Tosen Jordan,SSR,Speed,64,110.0,108.0,22.0,22.0,70.0,69.0,22.0,22.0,22.0,22.0,246.0,148.0,147.0,50.0,50.0,27.0,27.0,
Get Lots of Hugs for Me,Oguri Cap,SSR,Power,56,24.0,23.0,51.0,50.0,117.0,113.0,24.0,23.0,24.0,23.0,240.0,176.0,171.0,50.0,50.0,29.0,30.0,
Cheer that Changed the World,Seeking the Pearl,SSR,Speed,55,91.0,90.0,22.0,22.0,77.0,76.0,22.0,22.0,22.0,22.0,234.0,253.0,249.0,50.0,50.0,28.0,29.0,
Cute + Cute = ?,Mayano Top Gun,SR,Stamina,47,23.0,23.0,108.0,108.0,23.0,23.0,56.0,56.0,23.0,23.0,233.0,232.0,222.0,45.0,45.0,28.0,25.0,
Go Go☆Princess!,Kawakami Princess,SSR,Power,42,20.0,20.0,42.0,43.0,101.0,108.0,20.0,20.0,20.0,20.0,203.0,143.0,144.0,45.0,47.0,28.0,27.0,
Daring to Dream,Nice Nature,SSR,Wit,36,36.0,34.0,23.0,22.0,23.0,22.0,23.0,22.0,98.0,92.0,203.0,190.0,177.0,50.0,49.0,28.0,28.0,
"Grma, Ramen ♪",Fine Motion,SR,Power,36,22.0,23.0,45.0,47.0,76.0,80.0,22.0,23.0,22.0,23.0,187.0,218.0,222.0,45.0,44.0,29.0,26.0,
Leaping into the Unknown,Meisho Doto,SSR,Stamina,36,22.0,22.0,110.0,111.0,22.0,22.0,80.0,80.0,22.0,22.0,256.0,150.0,142.0,50.0,50.0,24.0,24.0,
Princess Bride,Kawakami Princess,SSR,Speed,36,123.0,120.0,22.0,21.0,53.0,52.0,22.0,21.0,22.0,21.0,242.0,160.0,154.0,50.0,50.0,29.0,29.0,
Dear Mr. C.B.,Mr. C.B.,SSR,Wit,34,44.0,42.0,21.0,21.0,21.0,21.0,21.0,21.0,86.0,84.0,193.0,226.0,211.0,40.0,41.0,27.0,27.0,
Urara's Day Off!,Haru Urara,SSR,Guts,32,53.0,52.0,24.0,24.0,49.0,49.0,116.0,115.0,24.0,24.0,266.0,240.0,228.0,50.0,50.0,27.0,26.0,
"Tonight, We Waltz",King Halo,SSR,Power,31,22.0,21.0,52.0,51.0,94.0,102.0,22.0,21.0,22.0,21.0,212.0,165.0,158.0,50.0,43.0,28.0,28.0,
Dreams Do Come True!,Winning Ticket,SSR,Power,30,22.0,22.0,50.0,51.0,89.0,90.0,22.0,22.0,22.0,22.0,205.0,192.0,194.0,50.0,50.0,28.0,28.0,
Pal-Assisted Training,Mihono Bourbon,SR,Power,30,22.0,23.0,57.0,58.0,118.0,122.0,22.0,23.0,22.0,23.0,241.0,194.0,193.0,45.0,45.0,26.0,25.0,
Searching for Unseen Sights,Silence Suzuka,SSR,Speed,30,76.0,76.0,23.0,22.0,42.0,42.0,23.0,22.0,23.0,22.0,187.0,140.0,141.0,40.0,45.0,24.0,26.0,
U & Me,Mihono Bourbon,SSR,Speed,30,102.0,100.0,22.0,22.0,39.0,39.0,22.0,22.0,22.0,22.0,207.0,223.0,206.0,50.0,48.0,24.0,24.0,
"""Rhodonite and the Dreamstone""",Zenno Rob Roy,SSR,Stamina,29,22.0,23.0,113.0,113.0,22.0,23.0,79.0,80.0,22.0,23.0,258.0,162.0,160.0,50.0,50.0,27.0,26.0,
Foolproof Plan,Seiun Sky,SSR,Stamina,28,20.0,21.0,64.0,64.0,20.0,21.0,44.0,42.0,20.0,21.0,167.0,120.0,119.0,30.0,35.0,29.0,27.0,
Uchronia Architect,Biwa Hayahide,SSR,Stamina,28,22.0,23.0,102.0,101.0,22.0,23.0,42.0,42.0,22.0,23.0,210.0,211.0,205.0,50.0,49.0,26.0,25.0,
Number 1 Outfit,Daiwa Scarlet,SSR,Power,27,19.0,18.0,37.0,40.0,72.0,82.0,19.0,18.0,19.0,18.0,166.0,125.0,120.0,50.0,41.0,29.0,31.0,
Super! Sonic! Flower Power!,Sakura Bakushin O,SSR,Guts,27,36.0,36.0,20.0,20.0,33.0,33.0,55.0,54.0,20.0,20.0,164.0,129.0,123.0,30.0,31.0,29.0,29.0,
Aim for the Brightest,Admire Vega,SR,Guts,25,42.0,43.0,17.0,18.0,40.0,41.0,69.0,70.0,17.0,18.0,185.0,104.0,116.0,45.0,45.0,30.0,33.0,
Tailwind to My Goals,Air Groove,SSR,Power,24,24.0,24.0,84.0,79.0,104.0,100.0,24.0,24.0,24.0,24.0,260.0,210.0,206.0,50.0,48.0,24.0,24.0,
My Solo Drawn to Raindrop Drums,Manhattan Cafe,SR,Stamina,23,22.0,19.0,80.0,78.0,22.0,19.0,42.0,38.0,22.0,19.0,188.0,110.0,122.0,45.0,45.0,29.0,32.0,
At the End of the Day,Special Week,SR,Power,22,23.0,23.0,79.0,81.0,85.0,87.0,23.0,23.0,23.0,23.0,233.0,140.0,140.0,45.0,45.0,28.0,26.0,
Trainers' Teamwork,Aoi Kiryuin,SR,Pal,21,21.0,20.0,21.0,20.0,21.0,20.0,21.0,20.0,39.0,38.0,123.0,326.0,310.0,45.0,45.0,27.0,26.0,
A Marvelous ☆ Plan,Marvelous Sunday,SR,Wit,20,30.0,30.0,23.0,22.0,23.0,22.0,23.0,22.0,106.0,107.0,205.0,138.0,152.0,45.0,45.0,27.0,24.0,
Double Carrot Punch!,Biko Pegasus,SSR,Speed,19,121.0,120.0,23.0,23.0,49.0,48.0,23.0,23.0,23.0,23.0,239.0,171.0,174.0,45.0,47.0,28.0,28.0,
Wild Rider,Vodka,SSR,Power,19,22.0,22.0,56.0,52.0,97.0,86.0,22.0,22.0,22.0,22.0,219.0,185.0,164.0,40.0,39.0,28.0,27.0,
A Good Heart Blossoms to Its Fullest,Sakura Chiyono O,SSR,Guts,18,71.0,71.0,22.0,22.0,57.0,57.0,96.0,96.0,22.0,22.0,268.0,156.0,144.0,50.0,50.0,26.0,23.0,
On and Off the Court,Mejiro Ryan,SR,Power,17,24.0,24.0,59.0,59.0,70.0,70.0,24.0,24.0,24.0,24.0,201.0,163.0,165.0,45.0,45.0,27.0,27.0,
Turf as Nails,Tosen Jordan,SR,Stamina,15,22.0,22.0,103.0,98.0,22.0,22.0,48.0,46.0,22.0,22.0,217.0,170.0,157.0,45.0,45.0,28.0,28.0,
5:00 a.m.—Right on Schedule,Eishin Flash,SR,Speed,14,86.0,82.0,24.0,24.0,46.0,45.0,24.0,24.0,24.0,24.0,204.0,176.0,160.0,45.0,45.0,26.0,26.0,
Experimental Studies on Subject A,Agnes Tachyon,SR,Wit,14,34.0,31.0,24.0,22.0,24.0,22.0,24.0,22.0,101.0,93.0,203.0,259.0,237.0,45.0,45.0,26.0,28.0,
Step! Smile! Wink!,Tokai Teio,SR,Stamina,14,22.0,22.0,81.0,83.0,22.0,22.0,62.0,64.0,22.0,22.0,209.0,212.0,217.0,45.0,45.0,28.0,26.0,
The World's My Oyster,Seeking the Pearl,SR,Guts,14,51.0,52.0,22.0,23.0,46.0,47.0,88.0,91.0,22.0,23.0,229.0,278.0,271.0,45.0,45.0,26.0,24.0,
Dancing Light into the Night,Yukino Bijin,SSR,Guts,13,20.0,27.0,10.0,13.0,18.0,25.0,50.0,68.0,10.0,13.0,108.0,65.0,100.0,50.0,50.0,43.0,38.0,"speed,stamina,power,guts,wit"
Lucky Star in the Sky,Admire Vega,SSR,Power,11,24.0,24.0,60.0,60.0,100.0,100.0,24.0,24.0,24.0,24.0,232.0,199.0,199.0,50.0,50.0,27.0,27.0,
Magical Heroine,Zenno Rob Roy,SSR,Speed,11,87.0,77.0,23.0,22.0,46.0,44.0,23.0,22.0,23.0,22.0,202.0,162.0,153.0,35.0,33.0,28.0,27.0,
Poolside High Tides,Narita Taishin,SR,Speed,11,110.0,111.0,25.0,26.0,48.0,49.0,25.0,26.0,25.0,26.0,233.0,187.0,187.0,45.0,44.0,27.0,26.0,
That Time I Became the Strongest,Gold Ship,SSR,Speed,11,73.0,73.0,23.0,23.0,58.0,58.0,23.0,23.0,23.0,23.0,200.0,239.0,232.0,50.0,50.0,28.0,27.0,
The Ghost Finds Halloween Magic,Mihono Bourbon,SSR,Wit,11,62.0,63.0,23.0,24.0,23.0,24.0,23.0,24.0,98.0,98.0,229.0,175.0,170.0,50.0,50.0,20.0,22.0,
An Annoying Supervisor,Vodka,SR,Speed,10,73.0,73.0,23.0,23.0,57.0,54.0,23.0,23.0,23.0,23.0,199.0,166.0,163.0,45.0,44.0,28.0,27.0,
Fate's Forecast,Matikanefukukitaru,SR,Wit,10,34.0,34.0,20.0,20.0,20.0,20.0,20.0,20.0,90.0,91.0,183.0,165.0,169.0,45.0,45.0,30.0,30.0,
Bobbing with the Waves,Seiun Sky,SR,Wit,9,37.0,36.0,24.0,24.0,24.0,24.0,24.0,24.0,82.0,77.0,191.0,257.0,249.0,45.0,44.0,27.0,24.0,
Laughing through the Mud,Inari One,SR,Power,9,20.0,20.0,56.0,55.0,97.0,93.0,20.0,20.0,20.0,20.0,213.0,123.0,130.0,45.0,45.0,29.0,27.0,
Mag!c Number,Air Shakur,SSR,Speed,9,76.0,75.0,22.0,22.0,48.0,48.0,22.0,22.0,22.0,22.0,190.0,128.0,127.0,50.0,50.0,26.0,25.0,
Special Dreamers!,Satono Diamond,SSR,Wit,9,30.0,31.0,22.0,23.0,22.0,23.0,22.0,23.0,105.0,104.0,201.0,228.0,224.0,50.0,50.0,23.0,21.0,
Little by Little,Mejiro Bright,SSR,Stamina,8,18.0,18.0,94.0,85.0,18.0,18.0,45.0,41.0,18.0,18.0,193.0,123.0,110.0,50.0,50.0,30.0,30.0,
Mud-Caked Compañero,El Condor Pasa,SR,Speed,8,74.0,71.0,22.0,21.0,48.0,46.0,22.0,21.0,22.0,21.0,187.0,140.0,138.0,45.0,44.0,28.0,30.0,
Beyond This Shining Moment,Silence Suzuka,SSR,Speed,7,79.0,88.0,23.0,23.0,48.0,48.0,23.0,23.0,23.0,23.0,196.0,251.0,252.0,40.0,43.0,26.0,27.0,
Breakaway Battleship,Gold Ship,SSR,Stamina,7,19.0,21.0,45.0,54.0,19.0,21.0,33.0,37.0,19.0,21.0,135.0,93.0,110.0,30.0,31.0,29.0,27.0,
It's Just Water,Nice Nature,SR,Guts,7,32.0,34.0,20.0,21.0,31.0,33.0,61.0,65.0,20.0,21.0,164.0,94.0,111.0,40.0,41.0,29.0,29.0,
The Perfect Book for You,Zenno Rob Roy,SR,Stamina,7,22.0,23.0,106.0,106.0,22.0,23.0,52.0,53.0,22.0,23.0,224.0,168.0,170.0,45.0,44.0,29.0,28.0,
"Warm Heart, Soft Steps",Ikuno Dictus,SSR,Guts,7,31.0,28.0,15.0,14.0,29.0,26.0,59.0,52.0,15.0,14.0,149.0,108.0,97.0,50.0,50.0,43.0,41.0,
Who Wants the First Bite?,Hishi Akebono,SSR,Guts,7,37.0,40.0,21.0,22.0,35.0,38.0,58.0,64.0,21.0,22.0,172.0,113.0,130.0,30.0,33.0,28.0,26.0,
You Earned It!,Ines Fujin,SR,Wit,7,28.0,28.0,21.0,20.0,21.0,20.0,21.0,20.0,69.0,69.0,160.0,134.0,121.0,30.0,36.0,28.0,28.0,
A MORE MARVELOUS WORLD! ☆,Marvelous Sunday,SSR,Guts,6,62.0,69.0,18.0,20.0,52.0,57.0,72.0,79.0,18.0,20.0,221.0,119.0,140.0,50.0,50.0,19.0,20.0,
Almost... an Umadol?! ♡,Smart Falcon,SR,Guts,6,42.0,41.0,22.0,22.0,61.0,60.0,100.0,98.0,22.0,22.0,247.0,216.0,212.0,45.0,45.0,20.0,21.0,
Beware! Halloween Night!,Tamamo Cross,SSR,Power,6,23.0,23.0,67.0,67.0,116.0,115.0,23.0,23.0,23.0,23.0,252.0,202.0,201.0,50.0,50.0,27.0,27.0,
Tracen Academy,Riko Kashimoto,R,Pal,6,18.0,19.0,18.0,19.0,18.0,19.0,18.0,19.0,18.0,19.0,90.0,166.0,181.0,40.0,40.0,23.0,24.0,
A Fan's Joy,Agnes Digital,SSR,Power,5,19.0,21.0,47.0,49.0,66.0,78.0,19.0,21.0,19.0,21.0,170.0,128.0,154.0,50.0,49.0,29.0,29.0,
Beloved Orchid Bouquet,Ikuno Dictus,SSR,Stamina,5,24.0,24.0,97.0,98.0,24.0,24.0,77.0,78.0,24.0,24.0,246.0,200.0,183.0,50.0,46.0,28.0,28.0,
Enchaînement,Symboli Rudolf,SSR,Stamina,5,22.0,19.0,66.0,59.0,22.0,19.0,57.0,51.0,22.0,19.0,189.0,143.0,133.0,50.0,48.0,27.0,27.0,
Fairest Fleur,Grass Wonder,SSR,Guts,5,48.0,49.0,22.0,23.0,43.0,45.0,107.0,106.0,22.0,23.0,242.0,192.0,194.0,45.0,43.0,28.0,26.0,
Mini☆Vacation,Daiwa Scarlet,SSR,Power,5,22.0,20.0,48.0,49.0,124.0,111.0,22.0,20.0,22.0,20.0,238.0,127.0,119.0,50.0,50.0,25.0,26.0,
Peak Sakura Season,Sakura Chiyono O,SSR,Stamina,5,23.0,22.0,79.0,75.0,23.0,22.0,47.0,45.0,23.0,22.0,195.0,161.0,152.0,50.0,50.0,30.0,32.0,
Sunny Passion ♪,Haru Urara,SSR,Power,5,23.0,23.0,47.0,46.0,89.0,88.0,23.0,23.0,23.0,23.0,205.0,310.0,310.0,50.0,49.0,28.0,28.0,
TT Ignition!,Twin Turbo,SSR,Guts,5,62.0,60.0,19.0,19.0,47.0,48.0,63.0,64.0,19.0,19.0,210.0,205.0,206.0,50.0,49.0,31.0,30.0,
The Brightest Star Shines On,Sirius Symboli,SR,Guts,5,78.0,79.0,23.0,23.0,44.0,44.0,94.0,95.0,23.0,23.0,262.0,171.0,175.0,45.0,45.0,21.0,23.0,
The Perfect Morning Greeting!,Sakura Bakushin O,SR,Power,5,22.0,22.0,46.0,47.0,99.0,98.0,22.0,22.0,22.0,22.0,211.0,143.0,147.0,45.0,42.0,26.0,25.0,
The Will to Overtake,Satono Diamond,SSR,Stamina,5,23.0,24.0,76.0,86.0,23.0,24.0,51.0,55.0,23.0,24.0,196.0,150.0,170.0,35.0,40.0,28.0,28.0,
Tracen Reception,Tazuna Hayakawa,SSR,Pal,5,49.0,41.0,20.0,20.0,20.0,20.0,20.0,20.0,20.0,20.0,129.0,399.0,387.0,50.0,45.0,29.0,28.0,
Your Team Ace,Mejiro McQueen,SSR,Stamina,5,22.0,22.0,97.0,98.0,22.0,22.0,57.0,57.0,22.0,22.0,220.0,143.0,140.0,50.0,50.0,28.0,28.0,
7 More Centimeters,Air Shakur,SSR,Wit,4,31.0,31.0,22.0,22.0,22.0,22.0,22.0,22.0,64.0,64.0,161.0,167.0,160.0,30.0,30.0,28.0,28.0,
It's All Mine!,Sweep Tosho,SSR,Speed,4,84.0,80.0,20.0,18.0,40.0,38.0,20.0,18.0,20.0,18.0,183.0,120.0,135.0,30.0,34.0,29.0,29.0,
Nothing Escapes the Vice Prez,Air Groove,SR,Guts,4,46.0,48.0,24.0,25.0,44.0,45.0,88.0,91.0,24.0,25.0,225.0,174.0,185.0,45.0,45.0,28.0,27.0,
Peachy Silhouette,Narita Top Road,SSR,Speed,4,57.0,58.0,18.0,18.0,41.0,42.0,18.0,18.0,18.0,18.0,149.0,87.0,95.0,50.0,49.0,30.0,29.0,
Run(my)way,Gold City,SSR,Speed,4,94.0,89.0,22.0,22.0,48.0,46.0,22.0,22.0,22.0,22.0,208.0,149.0,140.0,42.0,41.0,29.0,29.0,
Take Hold of Our Dreams!,Special Week,SSR,Guts,4,46.0,46.0,24.0,24.0,92.0,92.0,90.0,90.0,24.0,24.0,275.0,195.0,195.0,50.0,49.0,26.0,25.0,
The Whistling Arrow's Taunt,Narita Brian,SSR,Stamina,4,23.0,24.0,84.0,86.0,23.0,24.0,57.0,58.0,23.0,24.0,210.0,260.0,264.0,45.0,46.0,29.0,28.0,
This Might Sting!,Sasami Anshinzawa,SSR,Pal,4,21.0,21.0,21.0,21.0,21.0,21.0,21.0,21.0,21.0,21.0,105.0,259.0,241.0,45.0,45.0,29.0,29.0,
Two Pieces,Narita Brian,SSR,Speed,4,105.0,112.0,21.0,22.0,42.0,44.0,21.0,22.0,21.0,22.0,210.0,133.0,139.0,50.0,49.0,28.0,24.0,
"Well, Look Who's Home",Fuji Kiseki,SR,Wit,4,34.0,35.0,24.0,26.0,24.0,26.0,24.0,26.0,106.0,110.0,212.0,273.0,284.0,45.0,45.0,22.0,20.0,
"43, 8, 1",Nakayama Festa,SSR,Stamina,3,21.0,21.0,50.0,63.0,21.0,21.0,21.0,35.0,21.0,21.0,134.0,229.0,240.0,35.0,38.0,29.0,29.0,"stamina,guts"
Acupuncturist,Sasami Anshinzawa,R,Pal,3,21.0,21.0,21.0,21.0,21.0,21.0,21.0,21.0,21.0,21.0,105.0,189.0,159.0,40.0,35.0,28.0,28.0,
"Ah, Such Majesty",Daiichi Ruby,SSR,Power,3,21.0,21.0,46.0,45.0,118.0,116.0,50.0,41.0,21.0,21.0,256.0,231.0,227.0,50.0,45.0,27.0,27.0,
Happiness Just around the Bend,Rice Shower,SSR,Power,3,15.0,17.0,41.0,48.0,57.0,66.0,15.0,17.0,15.0,17.0,143.0,91.0,117.0,45.0,47.0,28.0,28.0,
Nothing Hard Work Can't Solve!,Daiwa Scarlet,SR,Wit,3,42.0,40.0,28.0,26.0,28.0,26.0,28.0,26.0,115.0,109.0,241.0,249.0,244.0,45.0,45.0,16.0,19.0,
Now Dat's What I Call Grilled Squid!,Tamamo Cross,SR,Guts,3,37.0,43.0,23.0,23.0,50.0,58.0,82.0,95.0,23.0,23.0,215.0,161.0,183.0,45.0,45.0,16.0,19.0,
Passing the Dream On,Team Sirius,SSR,Group,3,27.0,26.0,27.0,26.0,27.0,26.0,46.0,46.0,27.0,26.0,154.0,193.0,192.0,50.0,50.0,29.0,28.0,
Reckless Witch Training,Sweep Tosho,SR,Wit,3,63.0,68.0,24.0,26.0,24.0,26.0,24.0,26.0,107.0,115.0,242.0,182.0,195.0,45.0,45.0,24.0,20.0,
Teio-Oo-Oo!!!,Tokai Teio,SSR,Wit,3,53.0,51.0,26.0,25.0,26.0,25.0,26.0,25.0,87.0,83.0,218.0,206.0,195.0,35.0,35.0,22.0,24.0,
Tracen Academy,Symboli Rudolf,R,Wit,3,41.0,36.0,22.0,19.0,22.0,19.0,22.0,19.0,74.0,65.0,181.0,142.0,126.0,40.0,40.0,25.0,26.0,
Day I Dreamed Of,Rice Shower,SSR,Wit,2,52.0,52.0,26.0,26.0,26.0,26.0,26.0,26.0,97.0,97.0,226.0,216.0,216.0,50.0,50.0,19.0,19.0,
Even the Littlest Bud,Nishino Flower,SSR,Speed,2,118.0,118.0,24.0,24.0,46.0,46.0,24.0,24.0,24.0,24.0,235.0,195.0,195.0,50.0,50.0,29.0,29.0,
Hometown Cheers,Yukino Bijin,SSR,Wit,2,29.0,29.0,22.0,22.0,22.0,22.0,22.0,22.0,55.0,55.0,147.0,126.0,126.0,30.0,30.0,28.0,28.0,
Make! Some! NOISE!,Daitaku Helios,SSR,Power,2,22.0,22.0,54.0,54.0,90.0,90.0,22.0,22.0,22.0,22.0,209.0,240.0,240.0,50.0,50.0,28.0,28.0,
Showered in Joy,Rice Shower,SSR,Stamina,2,22.0,22.0,68.0,68.0,22.0,22.0,58.0,58.0,22.0,22.0,189.0,152.0,152.0,48.0,48.0,29.0,29.0,
The Setting Sun and Rising Stars,Special Week,SSR,Speed,2,89.0,89.0,22.0,22.0,48.0,48.0,22.0,22.0,22.0,22.0,203.0,160.0,160.0,50.0,50.0,29.0,29.0,
Trial Initiation,Biwa Hayahide,SR,Power,2,24.0,24.0,62.0,62.0,77.0,77.0,24.0,24.0,24.0,24.0,211.0,189.0,189.0,45.0,45.0,28.0,28.0,
BNWinner!,Winning Ticket,SSR,Guts,1,32.0,32.0,19.0,19.0,30.0,30.0,67.0,67.0,19.0,19.0,167.0,93.0,93.0,40.0,40.0,29.0,29.0,
Cozy Cute Memory ♪,Curren Chan,SR,Speed,1,108.0,108.0,22.0,22.0,46.0,46.0,22.0,22.0,22.0,22.0,220.0,182.0,182.0,45.0,45.0,27.0,27.0,
Eat Fast! Yum Fast!,Sakura Bakushin O,SSR,Speed,1,112.0,112.0,22.0,22.0,49.0,49.0,22.0,22.0,22.0,22.0,227.0,205.0,205.0,50.0,50.0,30.0,30.0,
Go Ahead and Laugh,Mejiro Palmer,SSR,Guts,1,36.0,36.0,20.0,20.0,42.0,42.0,68.0,68.0,20.0,20.0,186.0,102.0,102.0,35.0,35.0,27.0,27.0,
Going for Gold,Gold City,SR,Wit,1,32.0,32.0,18.0,18.0,18.0,18.0,18.0,18.0,66.0,66.0,152.0,85.0,85.0,25.0,25.0,27.0,27.0,
Head-on Fight!,Bamboo Memory,SSR,Power,1,23.0,23.0,45.0,45.0,116.0,116.0,23.0,23.0,23.0,23.0,230.0,215.0,215.0,35.0,35.0,27.0,27.0,
Machitan☆Adventure,Matikanetannhauser,SSR,Wit,1,61.0,61.0,20.0,20.0,20.0,20.0,20.0,20.0,112.0,112.0,233.0,189.0,189.0,50.0,50.0,29.0,29.0,
My Solo Spun in Spiraling Runs,Manhattan Cafe,SSR,Stamina,1,20.0,20.0,121.0,121.0,20.0,20.0,52.0,52.0,20.0,20.0,233.0,176.0,176.0,50.0,50.0,27.0,27.0,
"My Thoughts, My Desires",Mejiro Dober,SSR,Wit,1,34.0,34.0,22.0,22.0,22.0,22.0,22.0,22.0,87.0,87.0,187.0,179.0,179.0,50.0,50.0,29.0,29.0,
"Onwards, Demon Queen Lackeys!",Shinko Windy,SSR,Guts,1,78.0,78.0,25.0,25.0,74.0,74.0,130.0,130.0,25.0,25.0,332.0,163.0,163.0,50.0,50.0,19.0,19.0,
Tracen Academy,Tazuna Hayakawa,R,Pal,1,20.0,20.0,20.0,20.0,20.0,20.0,20.0,20.0,20.0,20.0,100.0,258.0,258.0,40.0,40.0,28.0,28.0,
Turbo Booooost!,Twin Turbo,SSR,Speed,1,91.0,91.0,25.0,25.0,50.0,50.0,25.0,25.0,25.0,25.0,216.0,187.0,187.0,50.0,50.0,30.0,30.0,
Winning Pitch,Mejiro Ryan,SSR,Guts,1,42.0,42.0,22.0,22.0,51.0,51.0,81.0,81.0,22.0,22.0,218.0,233.0,233.0,50.0,50.0,28.0,28.0,
