card,name,lb,type,score,speed,stamina,power,guts,wit,total,sp,rb,runs,updated
,Riko Kashimoto SSR,MLB,Friend,2.61,21.0,50.0,21.0,21.0,21.0,134,300.0,10.0,10+,Yes
,Riko Kashimoto SSR,3LB,Friend,2.37,21.0,36.0,21.0,21.0,21.0,120,300.0,8.0,10+,Yes
,Tazuna Hayakawa SSR,MLB,Friend,2.32,50.0,21.0,21.0,21.0,21.0,134,400.0,0.0,10+,Yes
,Riko Kashimoto SSR,2LB,Friend,2.16,21.0,21.0,21.0,21.0,21.0,105,290.0,7.0,10+,Yes
,Aoi Kiryuin SR,MLB,Friend,1.98,21.0,21.0,21.0,21.0,40.0,124,330.0,0.0,10+,Yes
,Riko Kashimoto SSR,1LB,Friend,1.95,21.0,21.0,21.0,21.0,21.0,105,250.0,6.0,10+,Yes
,Tazuna Hayakawa SSR,2LB,Friend,1.93,21.0,21.0,21.0,21.0,21.0,105,350.0,0.0,10+,Yes
,Sasami Anshinzawa SSR,MLB,Friend,1.89,22.0,22.0,22.0,22.0,22.0,110,330.0,0.0,10+,Yes
,Heirs to the Throne SSR,MLB,Group,3.55,64.0,38.0,38.0,38.0,38.0,216,400.0,10.0,50+,Yes
,Heirs to the Throne SSR,0LB,Group,2.37,48.0,34.0,34.0,34.0,34.0,184,330.0,0.0,10+,Yes
,Heirs to the Throne SSR,1LB,Group,2.37,48.0,34.0,34.0,34.0,34.0,184,330.0,0.0,1.0,No
,Haru Urara SSR,MLB,Guts,3.24,54.0,25.0,50.0,119.0,25.0,273,240.0,10.0,20+,Yes
,Admire Vega SR,MLB,Guts,3,54.0,22.0,51.0,87.0,22.0,236,150.0,15.0,10+,Yes
,Yukino Bijin SSR,MLB,Guts,2.87,46.0,22.0,42.0,113.0,22.0,245,185.0,10.0,10+,Yes
,Mejiro Ryan SSR,MLB,Guts,2.84,42.0,22.0,51.0,81.0,22.0,218,225.0,10.0,10+,Yes
,Sakura Bakushin O SSR,MLB,Guts,2.83,46.0,22.0,42.0,116.0,22.0,248,170.0,10.0,10+,Yes
,Air Groove SR,MLB,Guts,2.79,47.0,25.0,44.0,89.0,25.0,230,190.0,10.0,10+,Yes
,Seeking the Pearl SR,MLB,Guts,2.68,49.0,22.0,45.0,85.0,22.0,223,260.0,5.0,10+,No
,Matikanetannhauser SSR,MLB,Guts,2.67,49.0,23.0,46.0,142.0,23.0,283,150.0,5.0,10+,Yes
,Ines Fujin SSR,3LB,Guts,2.66,60.0,25.0,46.0,98.0,25.0,254,200.0,5.0,2.0,No
,Special Week SSR,MLB,Guts,2.58,43.0,22.0,85.0,84.0,22.0,256,175.0,5.0,10+,No
,Syrius Symboli SR,MLB,Guts,2.56,76.0,23.0,43.0,92.0,23.0,257,165.0,5.0,10+,No
,Nice Nature SR,MLB,Guts,2.53,43.0,23.0,41.0,87.0,23.0,217,230.0,5.0,10+,No
,Oguri Cap SR,MLB,Guts,2.52,53.0,21.0,50.0,66.0,21.0,211,150.0,10.0,1.0,No
,Meisho Doto SR,MLB,Guts,2.52,46.0,23.0,44.0,115.0,23.0,251,165.0,5.0,10+,Yes
,Smart Falcon SR,MLB,Guts,2.46,38.0,20.0,55.0,89.0,20.0,222,200.0,5.0,10+,No
,Tamamo Cross SR,MLB,Guts,2.4,44.0,23.0,60.0,99.0,23.0,249,225.0,0.0,10+,Yes
,Sakura Chiyono O SSR,MLB,Guts,2.26,71.0,22.0,57.0,96.0,22.0,268,150.0,0.0,10+,No
,Twin Turbo SSR,MLB,Guts,2.12,64.0,20.0,49.0,66.0,20.0,219,200.0,0.0,4.0,No
,Seeking the Pearl R,MLB,Guts,2.1,36.0,21.0,34.0,54.0,21.0,166,200.0,5.0,3.0,No
,Yukino Bijin SR,MLB,Guts,2.02,40.0,23.0,50.0,95.0,23.0,231,150.0,0.0,10+,Yes
,Sakura Bakushin O SSR,0LB,Guts,1.9,38.0,21.0,36.0,59.0,21.0,175,130.0,5.0,10+,Yes
,Hishi Akebono SSR,0LB,Guts,1.64,38.0,22.0,36.0,59.0,22.0,177,140.0,0.0,1.0,Yes
,Haru Urara SSR,MLB,Power,3.07,23.0,47.0,89.0,23.0,23.0,205,300.0,10.0,10+,No
,Marvelous Sunday SSR,MLB,Power,3.04,20.0,89.0,99.0,20.0,20.0,248,140.0,15.0,50+,Yes
,El Condor Pasa SSR,MLB,Power,2.89,24.0,57.0,117.0,24.0,24.0,246,190.0,10.0,10+,Yes
,Nishino Flower SR,MLB,Power,2.83,23.0,44.0,96.0,23.0,23.0,209,150.0,15.0,50+,Yes
,Daitaku Helios SSR,MLB,Power,2.83,22.0,53.0,89.0,22.0,22.0,208,240.0,10.0,10+,No
,Agnes Digital SR,MLB,Power,2.82,24.0,55.0,123.0,24.0,24.0,250,250.0,5.0,50+,Yes
,Hishi Amazon SR,MLB,Power,2.78,22.0,66.0,103.0,22.0,22.0,235,180.0,10.0,10+,Yes
,Bamboo Memory SSR,MLB,Power,2.78,22.0,50.0,129.0,22.0,22.0,245,250.0,5.0,1.0,No
,Admire Vega SSR,MLB,Power,2.76,24.0,59.0,98.0,24.0,24.0,229,185.0,10.0,10+,Yes
,Daiwa Scarlet SSR,MLB,Power,2.65,20.0,55.0,116.0,20.0,20.0,231,150.0,10.0,10+,Yes
,El Condor Pasa SSR,3LB,Power,2.64,23.0,53.0,110.0,23.0,23.0,232,180.0,8.0,10+,No
,Yaeno Muteki SSR,MLB,Power,2.56,24.0,51.0,85.0,24.0,24.0,208,165.0,10.0,20+,Yes
,Smart Falcon SSR,MLB,Power,2.54,22.0,54.0,94.0,22.0,22.0,214,150.0,10.0,20+,No
,Daitaku Helios SR,MLB,Power,2.51,23.0,44.0,96.0,23.0,23.0,209,150.0,10.0,10+,Yes
,Sakura Bakushin O SR,MLB,Power,2.49,21.0,46.0,97.0,21.0,21.0,206,150.0,10.0,10+,Yes
,Mejiro Ryan SR,MLB,Power,2.48,24.0,58.0,69.0,24.0,24.0,199,160.0,10.0,10+,Yes
,Mihono Bourbon SR,MLB,Power,2.47,22.0,55.0,115.0,22.0,22.0,236,180.0,5.0,10+,Yes
,Daichi Ruby SSR,MLB,Power,2.47,21.0,46.0,118.0,50.0,21.0,256,230.0,0.0,10+,Yes
,Biwa Hayahide SR,MLB,Power,2.4,25.0,64.0,79.0,25.0,25.0,218,190.0,5.0,10+,Yes
,Rice Shower SSR,MLB,Power,2.37,23.0,65.0,91.0,23.0,23.0,225,170.0,5.0,10+,Yes
,Admire Vega SSR,3LB,Power,2.35,23.0,55.0,92.0,23.0,23.0,216,180.0,5.0,3.0,No
,Special Week SR,MLB,Power,2.29,23.0,79.0,85.0,23.0,23.0,233,135.0,5.0,20+,Yes
,Fine Motion SR,MLB,Power,2.29,22.0,46.0,78.0,22.0,22.0,190,210.0,5.0,10+,Yes
,Kawakami Princess SSR,MLB,Power,2.27,20.0,44.0,119.0,20.0,20.0,223,145.0,5.0,10+,Yes
,King Halo SSR,MLB,Power,2.27,22.0,56.0,126.0,22.0,22.0,248,190.0,0.0,10+,Yes
,King Halo SSR,2LB,Power,2.27,22.0,56.0,126.0,22.0,22.0,248,190.0,0.0,2.0,No
,Smart Falcon SSR,3LB,Power,2.23,23.0,53.0,92.0,23.0,23.0,214,150.0,5.0,4.0,No
,Daichi Ruby SSR,1LB,Power,2.16,21.0,44.0,109.0,21.0,21.0,216,215.0,0.0,10+,Yes
,Vodka SSR,0LB,Power,2.11,22.0,50.0,74.0,22.0,22.0,190,160.0,5.0,1.0,Yes
,Daiwa Scarlet SSR,MLB,Power,2.05,22.0,47.0,126.0,22.0,22.0,239,145.0,0.0,10+,Yes
,Winning Ticket SSR,MLB,Power,2.03,23.0,51.0,91.0,23.0,23.0,211,190.0,0.0,10+,Yes
,Inari One SR,MLB,Power,2.02,21.0,60.0,103.0,21.0,21.0,226,160.0,0.0,10+,Yes
,Admire Vega SSR,1LB,Power,2,24.0,53.0,89.0,24.0,24.0,214,175.0,0.0,1.0,Yes
,King Halo SSR,1LB,Power,1.86,22.0,51.0,87.0,22.0,22.0,204,155.0,0.0,10+,Yes
,Smart Falcon SSR,2LB,Power,1.84,22.0,52.0,91.0,22.0,22.0,209,140.0,0.0,10+,Yes
,Smart Falcon SSR,1LB,Power,1.77,22.0,50.0,87.0,22.0,22.0,203,130.0,0.0,1.0,No
,King Halo SSR,0LB,Power,1.71,21.0,49.0,71.0,21.0,21.0,183,150.0,0.0,10+,Yes
,Oguri Cap SSR,0LB,Power,1.68,22.0,38.0,85.0,22.0,22.0,189,130.0,0.0,1.0,Yes
,Matikanefukukitaru SSR,MLB,Speed,3.54,108.0,54.0,77.0,54.0,54.0,347,190.0,10.0,50+,Yes
,Sweep Tosho SSR,MLB,Speed,2.96,118.0,22.0,51.0,22.0,22.0,235,230.0,10.0,10+,Yes
,Biko Pegasus SSR,MLB,Speed,2.92,128.0,24.0,50.0,24.0,24.0,250,190.0,10.0,10+,Yes
,Sakura Bakushin O SSR,MLB,Speed,2.87,117.0,23.0,51.0,23.0,23.0,237,200.0,10.0,10+,No
,Kawakami Princess SSR,MLB,Speed,2.78,126.0,22.0,54.0,22.0,22.0,246,160.0,10.0,10+,Yes
,Seeking the Pearl SSR,MLB,Speed,2.76,93.0,23.0,79.0,23.0,23.0,241,250.0,5.0,5.0,No
,Shinko Windy SR,MLB,Speed,2.74,116.0,23.0,49.0,23.0,23.0,234,170.0,10.0,50+,Yes
,Silence Suzuka SSR,MLB,Speed,2.66,110.0,22.0,49.0,22.0,22.0,225,250.0,5.0,10+,No
,Special Week SSR,MLB,Speed,2.62,91.0,23.0,49.0,23.0,23.0,209,180.0,10.0,10+,Yes
,Maruzensky SSR,MLB,Speed,2.61,100.0,26.0,65.0,26.0,26.0,243,205.0,5.0,50+,Yes
,Sweep Tosho SR,MLB,Speed,2.59,85.0,24.0,52.0,24.0,24.0,209,260.0,5.0,50+,Yes
,Gold City SSR,MLB,Speed,2.55,93.0,22.0,51.0,22.0,22.0,210,160.0,10.0,1.0,No
,Maruzensky SSR,3LB,Speed,2.52,96.0,25.0,63.0,25.0,25.0,234,195.0,5.0,10+,Yes
,Silence Suzuka SSR,3LB,Speed,2.51,93.0,22.0,49.0,22.0,22.0,208,240.0,5.0,4.0,No
,Agnes Tachyon SSR,MLB,Speed,2.51,117.0,21.0,44.0,21.0,21.0,224,300.0,0.0,50+,Yes
,Kitasan Black SSR,MLB,Speed,2.46,85.0,25.0,63.0,25.0,25.0,223,200.0,5.0,10+,Yes
,Kitasan Black SSR,3LB,Speed,2.46,85.0,25.0,63.0,25.0,25.0,223,200.0,5.0,10+,Yes
,Narita Taishin SR,MLB,Speed,2.44,108.0,25.0,47.0,25.0,25.0,230,180.0,5.0,10+,Yes
,Tosen Jordan SSR,MLB,Speed,2.39,108.0,22.0,69.0,22.0,22.0,243,145.0,5.0,50+,Yes
,Curren Chan SR,MLB,Speed,2.32,106.0,22.0,46.0,22.0,22.0,218,170.0,5.0,10+,Yes
,Biko Pegasus SSR,1LB,Speed,2.28,104.0,23.0,45.0,23.0,23.0,218,140.0,6.0,10+,Yes
,Mayano Top Gun SSR,MLB,Speed,2.27,85.0,23.0,58.0,23.0,23.0,212,165.0,5.0,10+,Yes
,Eishin Flash SR,MLB,Speed,2.26,85.0,24.0,46.0,24.0,24.0,203,180.0,5.0,10+,Yes
,Kawakami Princess SSR,1LB,Speed,2.25,110.0,21.0,51.0,21.0,21.0,224,120.0,6.0,10+,Yes
,Maruzensky SSR,2LB,Speed,2.25,89.0,24.0,59.0,24.0,24.0,220,180.0,3.0,10+,Yes
,Narita Top Road SSR,MLB,Speed,2.23,68.0,20.0,48.0,20.0,20.0,176,130.0,10.0,10+,No
,Seeking the Pearl SSR,1LB,Speed,2.2,72.0,22.0,45.0,22.0,22.0,183,250.0,2.0,1.0,No
,Vodka SR,MLB,Speed,2.18,74.0,23.0,58.0,23.0,23.0,201,160.0,5.0,10+,Yes
,Agnes Tachyon SSR,3LB,Speed,2.17,112.0,20.0,43.0,20.0,20.0,215,220.0,0.0,10+,No
,Gold Ship SSR,MLB,Speed,2.14,73.0,23.0,58.0,23.0,23.0,200,240.0,0.0,10+,Yes
,Narita Brian SSR,MLB,Speed,2.13,105.0,21.0,42.0,21.0,21.0,210,130.0,5.0,10+,Yes
,Maruzensky SSR,1LB,Speed,2.13,87.0,24.0,58.0,24.0,24.0,217,170.0,2.0,10+,Yes
,Narita Brian SSR,3LB,Speed,2.1,103.0,21.0,40.0,21.0,21.0,206,130.0,5.0,1.0,Yes
,Mihono Bourbon SSR,MLB,Speed,2.07,102.0,22.0,38.0,22.0,22.0,206,210.0,0.0,10+,No
,Taiki Shuttle SSR,1LB,Speed,2.05,71.0,20.0,44.0,20.0,20.0,175,170.0,5.0,10+,Yes
,Sweep Tosho SSR,0LB,Speed,2.01,93.0,20.0,40.0,22.0,22.0,197,120.0,5.0,1.0,Yes
,Air Shakur SSR,MLB,Speed,2,76.0,22.0,48.0,22.0,22.0,190,130.0,5.0,10+,Yes
,Mayano Top Gun SSR,1LB,Speed,2,79.0,23.0,55.0,23.0,23.0,203,160.0,2.0,1.0,No
,Silence Suzuka SSR,MLB,Speed,1.98,77.0,22.0,42.0,22.0,22.0,185,132.0,5.0,2.0,No
,Silence Suzuka R,MLB,Speed,1.98,53.0,20.0,35.0,20.0,20.0,148,200.0,5.0,4.0,No
,King Halo SR,MLB,Speed,1.97,95.0,23.0,52.0,23.0,23.0,216,164.0,0.0,1.0,No
,Gold City SSR,2LB,Speed,1.9,93.0,23.0,51.0,23.0,23.0,213,150.0,0.0,10+,Yes
,Agnes Tachyon SSR,2LB,Speed,1.9,109.0,20.0,43.0,20.0,20.0,212,150.0,0.0,10+,No
,Sweep Tosho R,MLB,Speed,1.89,47.0,20.0,32.0,20.0,20.0,139,190.0,5.0,4.0,No
,Zenno Rob Roy SSR,2LB,Speed,1.87,87.0,23.0,46.0,23.0,23.0,202,160.0,0.0,10+,Yes
,Agnes Tachyon SSR,1LB,Speed,1.86,103.0,20.0,43.0,20.0,20.0,206,150.0,0.0,10+,No
,Mayano Top Gun SSR,0LB,Speed,1.81,65.0,23.0,54.0,23.0,23.0,188,150.0,1.0,1.0,Yes
,Agnes Tachyon SSR,0LB,Speed,1.76,89.0,20.0,42.0,20.0,20.0,191,150.0,0.0,2.0,No
,Super Creek SSR,MLB,Stamina,3.01,23.0,132.0,23.0,58.0,23.0,259,200.0,10.0,20+,Yes
,Satono Diamond SSR,MLB,Stamina,2.86,24.0,99.0,24.0,64.0,24.0,235,200.0,10.0,10+,No
,Super Creek SSR,3LB,Stamina,2.75,23.0,125.0,23.0,56.0,23.0,250,180.0,8.0,10+,Yes
,Manhattan Cafe SSR,MLB,Stamina,2.7,20.0,119.0,20.0,51.0,20.0,230,165.0,10.0,10+,Yes
,Tamamo Cross SSR,MLB,Stamina,2.7,25.0,140.0,25.0,53.0,25.0,268,185.0,5.0,10+,Yes
,Tokai Teio SR,MLB,Stamina,2.69,22.0,81.0,22.0,62.0,22.0,209,200.0,10.0,10+,Yes
,Mayano Top Gun SR,MLB,Stamina,2.65,23.0,110.0,23.0,57.0,23.0,236,230.0,5.0,20+,Yes
,Manhattan Cafe SR,MLB,Stamina,2.57,23.0,97.0,23.0,46.0,23.0,212,160.0,10.0,10+,Yes
,Super Creek SSR,2LB,Stamina,2.55,23.0,116.0,23.0,54.0,23.0,239,160.0,7.0,10+,Yes
,Silence Suzuka SSR,MLB,Stamina,2.51,23.0,136.0,23.0,48.0,23.0,253,160.0,5.0,10+,Yes
,Zenno Rob Roy SSR,MLB,Stamina,2.49,22.0,111.0,22.0,78.0,22.0,255,150.0,5.0,10+,Yes
,Biwa Hayahide SSR,MLB,Stamina,2.37,22.0,100.0,22.0,42.0,22.0,208,200.0,5.0,10+,Yes
,Super Creek SSR,1LB,Stamina,2.35,22.0,108.0,22.0,50.0,22.0,224,150.0,6.0,1.0,No
,Tosen Jordan SR,MLB,Stamina,2.34,23.0,105.0,23.0,49.0,23.0,223,165.0,5.0,10+,Yes
,Seiun Sky SSR,MLB,Stamina,2.34,23.0,93.0,23.0,55.0,23.0,217,175.0,5.0,10+,Yes
,Mejiro McQueen SSR,MLB,Stamina,2.28,22.0,98.0,22.0,58.0,22.0,222,150.0,5.0,10+,Yes
,Seiun Sky SSR,3LB,Stamina,2.28,23.0,88.0,23.0,52.0,23.0,209,175.0,5.0,2.0,No
,Seiun Sky SSR,2LB,Stamina,2.26,23.0,87.0,23.0,50.0,23.0,206,175.0,5.0,10+,Yes
,Mejiro Ryan SR,MLB,Stamina,2.24,22.0,83.0,22.0,61.0,22.0,210,160.0,5.0,10+,Yes
,Meisho Doto SSR,MLB,Stamina,2.2,22.0,112.0,22.0,81.0,22.0,259,150.0,0.0,10+,Yes
,Sakura Chiyono O SSR,2LB,Stamina,2.18,23.0,78.0,23.0,46.0,23.0,193,175.0,5.0,10+,Yes
,Mejiro Bright SSR,MLB,Stamina,2.13,20.0,102.0,20.0,49.0,20.0,211,130.0,5.0,10+,Yes
,Rice Shower SSR,MLB,Stamina,2.13,22.0,72.0,22.0,61.0,22.0,199,150.0,5.0,10+,Yes
,Tamamo Cross SSR,0LB,Stamina,2.13,23.0,81.0,23.0,44.0,23.0,194,160.0,5.0,1.0,Yes
,Gold Ship SSR,MLB,Stamina,2.13,24.0,114.0,24.0,49.0,24.0,235,175.0,0.0,10+,Yes
,Zenno Rob Roy SR,MLB,Stamina,2.07,23.0,108.0,23.0,53.0,23.0,230,165.0,0.0,10+,Yes
,Fine Motion SSR,MLB,Wit,3.12,42.0,25.0,25.0,25.0,142.0,259,230.0,10.0,50+,Yes
,Nakayama Festa SSR,MLB,Wit,3.01,40.0,26.0,26.0,26.0,99.0,217,270.0,10.0,50+,Yes
,Nice Nature SSR,MLB,Wit,2.93,36.0,23.0,23.0,23.0,98.0,203,190.0,15.0,10+,Yes
,Agnes Tachyon SR,MLB,Wit,2.77,32.0,23.0,23.0,23.0,100.0,201,235.0,10.0,10+,Yes
,Sweep Tosho SR,MLB,Wit,2.67,58.0,22.0,22.0,22.0,98.0,222,170.0,10.0,10+,Yes
,Marvelous Sunday SR,MLB,Wit,2.65,32.0,23.0,23.0,23.0,118.0,219,170.0,10.0,10+,Yes
,Syrius Symboli SSR,MLB,Wit,2.64,47.0,23.0,23.0,23.0,91.0,207,190.0,10.0,1.0,Yes
,Mejiro Dober SR,MLB,Wit,2.61,36.0,25.0,25.0,25.0,132.0,243,205.0,5.0,10+,Yes
,Mr. CB SSR,MLB,Wit,2.56,46.0,23.0,23.0,23.0,97.0,212,245.0,5.0,10+,Yes
,Seiun Sky SR,MLB,Wit,2.53,36.0,24.0,24.0,24.0,81.0,189,280.0,5.0,10+,Yes
,Nice Nature SR,MLB,Wit,2.46,36.0,25.0,25.0,25.0,111.0,222,200.0,5.0,10+,Yes
,Ikuno Dictus SR,MLB,Wit,2.43,32.0,22.0,22.0,22.0,106.0,204,225.0,5.0,10+,Yes
,Yukino Bijin SSR,MLB,Wit,2.42,34.0,24.0,24.0,24.0,116.0,222,190.0,5.0,10+,Yes
,Tokai Teio SSR,MLB,Wit,2.41,48.0,23.0,23.0,23.0,103.0,220,190.0,5.0,10+,Yes
,Fuji Kiseki SR,MLB,Wit,2.41,31.0,22.0,22.0,22.0,95.0,192,240.0,5.0,10+,Yes
,Mihono Bourbon SSR,MLB,Wit,2.39,62.0,22.0,22.0,22.0,98.0,226,175.0,5.0,10+,No
,Mr. CB SSR,2LB,Wit,2.34,44.0,21.0,21.0,21.0,85.0,192,220.0,5.0,10+,Yes
,Daiwa Scarlet SR,MLB,Wit,2.29,34.0,23.0,23.0,23.0,93.0,196,200.0,5.0,10+,Yes
,Mr. CB SSR,1LB,Wit,2.28,42.0,21.0,21.0,21.0,83.0,188,210.0,5.0,1.0,No
,Satono Diamond SSR,MLB,Wit,2.26,28.0,20.0,20.0,20.0,97.0,185,210.0,5.0,10+,Yes
,Nakayama Festa SSR,2LB,Wit,2.2,36.0,25.0,25.0,25.0,86.0,197,260.0,0.0,9.0,No
,Rice Shower SSR,MLB,Wit,2.19,44.0,22.0,22.0,22.0,81.0,191,180.0,5.0,2.0,No
,Nakayama Festa SSR,1LB,Wit,2.15,36.0,25.0,25.0,25.0,85.0,196,250.0,0.0,10+,Yes
,Ines Fujin SR,MLB,Wit,2.1,32.0,22.0,22.0,22.0,91.0,189,160.0,5.0,10+,Yes
,Matikanefukukitaru SR,MLB,Wit,2.02,36.0,22.0,22.0,22.0,95.0,197,210.0,0.0,10+,No
,Yukino Bijin SSR,0LB,Wit,1.91,31.0,22.0,22.0,22.0,62.0,159,160.0,5.0,20+,No
,Air Shakur SSR,0LB,Wit,1.67,32.0,23.0,23.0,23.0,65.0,166,170.0,0.0,1.0,Yes
